"Enrichment FDR","nGenes","Pathway Genes","Fold Enrichment","Pathway","URL","Genes"
4.05904107195058e-10,554,1895,1.19759266474933,"Positive regulation of RNA metabolic process "," http://amigo.geneontology.org/amigo/term/GO:0051254"," DVL2  HOXA11  CREBBP  MPND  BRCA1  MBTPS2  WAS  WWTR1  ZFP64  SAMD4A  TNFRSF1B  POU2F2  BCLAF1  EDC4  SOX30  BARX2  ZIC2  RSF1  ARID1B  ALX4  THRAP3  FOXC1  KMT2C  PITHD1  PPP1R12A  CCAR1  BICRA  U2AF2  NGFR  TAF11  AP3D1  ZNF76  CDK13  FOXJ2  YBX1  FGF10  JMJD6  SREBF1  SMARCE1  GLI2  TEAD2  NFKB2  HOXA9  EDN1  TNRC6C  SRCAP  PGR  KAT6A  TUT7  NCOA1  ATRX  KHSRP  FUS  CCNK  TFAP4  POU4F3  SUPT16H  HIVEP1  OSM  PATZ1  SOX10  DDX17  XBP1  TNRC6B  EP300  RBM23  SIX4  SRSF5  YY1  CHD8  MYBL2  PABPC1L  PRPF6  E2F1  ZNF516  SMAD7  TBL1X  ELF4  PQBP1  ARMCX3  RGCC  MAPK3  NFAT5  AXIN1  FOXF1  MAZ  TRIP4  SNRNP70  CRX  DBP  KLF1  ELL  CRTC1  USF2  PBX4  ZNF574  DNAJC2  MET  HOXA2  HOXA13  EVX1  CHCHD2  WASL  MEOX2  AHR  LHX2  AKNA  GLIS3  SETX  CPEB3  TRIM37  CAMTA2  MED13  RAI1  KAT2A  HDAC5  PHOX2B  NFKB1  PPARGC1A  DDX6  MDK  MYF6  MYF5  GLI1  ELK3  FOXM1  IL17F  RBM24  ZNF451  TBP  SRF  VEGFA  TENT4A  BRD8  HAND1  NR3C1  WWC1  TCERG1  SMAD5  CDX1  UBE3A  KAT2B  HES1  NCL  TLX2  OTX1  DLX2  EPAS1  ARID3A  ASH1L  SFPQ  MEF2D  PRDM2  TFAP2E  RLF  IRF6  PROX1  ARID1A  KMT2A  CREB1  KLF7  PLAGL1  FOXO3  SPP1  NR4A3  ONECUT2  IRF2BPL  BCL11A  EPCAM  HOXB5  HOXB3  TNFSF11  EGR1  TRIM25  TENT4B  ZNF639  ZMIZ2  INHBA  TWIST1  EGR2  ECD  NR4A1  HOXC13  HOXC11  NCOA3  CHD6  RBPJL  TRERF1  SOX4  RIOK1  RUNX2  GCM2  MYRF  SOX21  SOX9  PAX8  GTF2F1  FOSB  FOXA2  OVOL2  NR1D1  ZNF384  HIVEP3  BCL11B  KLF2  SMARCA4  RNF6  ZFP36  IRF5  FEZF1  HOXD3  HOXD9  HOXD13  ICE2  CCNT1  FOXA1  EAPP  LSM7  EPO  JUND  TRIM28  NOL11  CASZ1  HABP4  ZNF341  NR1H2  TOP2A  PER2  ARHGEF11  AP3B1  ZBED3  RFXAP  E2F5  DPF2  CCNB1  SLC38A2  MYCN  LPIN1  RAX  SOX3  TUT4  HNF1A  TBX3  DTX1  DMTF1  AKIRIN2  LMO2  AGAP2  TFCP2  AHI1  EGR4  FHOD1  DHX9  PWP1  MED4  LMO7  IL6  SRSF1  VEZF1  TRA2B  TBR1  CDK9  KLF4  DAB2IP  MYC  FOXF2  SMAD6  BRDT  SIX3  HNRNPD  LEF1  ASCL1  FOXN4  PDX1  PML  TGFB1I1  ZFHX3  IRF8  MYOCD  TOB1  SKAP1  GATA6  PELP1  TP53  FOXK2  SMAD4  ERBB2  BRD4  APP  RERE  BARHL2  DCAF6  TBX19  USP21  RORC  SF3B4  RFX5  ARNT  POGZ  GABPB2  HAX1  PARP1  GDF7  ASXL2  CSRNP1  EAF2  LYAR  PIK3R1  MEPCE  STRA8  ZNF711  NSD3  MTDH  ZNF462  PTGES2  PPRC1  TNKS1BP1  YTHDF1  TBX6  FOXO1  NOCT  NPAS3  ZNF827  POU4F2  POU4F1  TADA1  JMY  ZFP36L2  PAN3  HHEX  ZIC1  SMARCA5  BMP6  HNRNPU  NR4A2  FEZF2  ING1  CXXC1  PPARGC1B  GDF6  MED19  ATAD2  ZIC3  BRPF1  PAXIP1  FZD1  DYRK1A  SKI  AUTS2  ZC3H18  IRX6  CELF3  RRP1B  ZBTB7B  SHC1  CRTC2  IER2  FOXH1  DVL3  ZNF281  NLRP3  LMX1A  RBM15  NEUROD1  EN1  EOMES  ZNF513  PITX2  HAND2  NIPBL  F2RL1  FAM170A  CITED2  CREBRF  IL31RA  TRA2A  SHH  SOX17  EN2  TP53INP1  PSIP1  CDX2  OTX2  NSD1  ZNF219  SALL2  ZNF319  NOLC1  APBB1  TRIM44  MAPK7  TEF  PBX3  COQ7  KMT2D  FADD  PTF1A  GBX2  ING2  NPNT  TET2  ATOH8  ANKRD49  MECP2  AR  LDB2  GSX1  ONECUT1  VGLL2  HOXD4  PRDM10  FOXA3  ZNF296  CYTL1  JUNB  APLN  ASXL1  ZNF318  NEUROD2  BPTF  MLLT3  IFNB1  PRL  CEBPB  ATOH1  HCFC1  RARG  SP3  TADA2B  DMRT2  SMARCC1  HOXB2  RAX2  RGMB  LARP7  FZD4  PDE12  DRAP1  HOXD8  FOXC2  SOX11  MAMSTR  NFATC2IP  SIX5  IRX3  NHLH2  TBL1XR1  SOX12  MAF  CSRNP3  TAF7  FOXE1  ARID3B  EGR3  ZFPM1  SERTAD2  CITED4  FZD2  ZNF609  BHLHA15  HOXC10  NPM1  ZNF746  SOX2  MEX3D  PLCB1  HOXB4  MAFA  SOX1  WBP2NL  NOG  TRIM52  MACC1  FOXL2  TBX1  MAML2  FOXO4  POU3F2  MED12  ZBTB7C  WT1  MIXL1  MUC1  PBX1  POU3F1  YTHDF3  BCL9L  MRTFB  FOXD2  ZNF395  FOXD3  SIRT7  TET3  AGRN  NANOS1  MTF1  HMX2  HMGB1  SUPT5H  XRCC6  MRTFA  MAML3  BLM  HNRNPAB  TOPORS  PHF2  ZNF335  QRICH1  PEG3  HOXC4  YTHDF2  NCOA6  GPATCH3  MTOR  FOXJ3  POU3F3  SOX18  MAFB  ARID3C  E2F4  ONECUT3  TRIM71  NUP62  SCAF8  LBH  CEBPD  SKIV2L  PBX2  CEBPA  FOXD1  HOXA10  SCX  CCPG1  TCF20  MRPL12  KMT2B  HES5  CHCHD10  GLIS2  MLLT6  AATF  CNOT3  TAF15  GREM1  NR2E3  PAGR1  MLXIP  KAT6B  DCP1B  SESN2  GATA4  RIPK3  TNRC6A  NANOS3"
1.6827567874543e-09,508,1716,1.19727057472126,"Positive regulation of transcription, DNA-templated "," http://amigo.geneontology.org/amigo/term/GO:0045893"," DVL2  HOXA11  CREBBP  MPND  BRCA1  MBTPS2  WAS  WWTR1  ZFP64  POU2F2  BCLAF1  SOX30  BARX2  ZIC2  RSF1  ARID1B  ALX4  THRAP3  FOXC1  KMT2C  PITHD1  PPP1R12A  CCAR1  BICRA  NGFR  TAF11  AP3D1  ZNF76  CDK13  FOXJ2  YBX1  FGF10  JMJD6  SREBF1  SMARCE1  GLI2  TEAD2  NFKB2  HOXA9  EDN1  SRCAP  PGR  KAT6A  NCOA1  ATRX  FUS  CCNK  TFAP4  POU4F3  SUPT16H  HIVEP1  OSM  PATZ1  SOX10  DDX17  XBP1  EP300  RBM23  SIX4  YY1  CHD8  MYBL2  PABPC1L  PRPF6  E2F1  ZNF516  SMAD7  TBL1X  ELF4  PQBP1  ARMCX3  RGCC  MAPK3  NFAT5  AXIN1  FOXF1  MAZ  TRIP4  CRX  DBP  KLF1  ELL  CRTC1  USF2  PBX4  ZNF574  DNAJC2  MET  HOXA2  HOXA13  EVX1  CHCHD2  WASL  MEOX2  AHR  LHX2  AKNA  GLIS3  SETX  TRIM37  CAMTA2  MED13  RAI1  KAT2A  HDAC5  PHOX2B  NFKB1  PPARGC1A  MDK  MYF6  MYF5  GLI1  ELK3  FOXM1  IL17F  ZNF451  TBP  SRF  VEGFA  BRD8  HAND1  NR3C1  WWC1  TCERG1  SMAD5  CDX1  UBE3A  KAT2B  HES1  NCL  TLX2  OTX1  DLX2  EPAS1  ARID3A  ASH1L  SFPQ  MEF2D  PRDM2  TFAP2E  RLF  IRF6  PROX1  ARID1A  KMT2A  CREB1  KLF7  PLAGL1  FOXO3  SPP1  NR4A3  ONECUT2  IRF2BPL  BCL11A  EPCAM  HOXB5  HOXB3  TNFSF11  EGR1  TRIM25  ZNF639  ZMIZ2  INHBA  TWIST1  EGR2  ECD  NR4A1  HOXC13  HOXC11  NCOA3  CHD6  RBPJL  TRERF1  SOX4  RUNX2  GCM2  MYRF  SOX21  SOX9  PAX8  GTF2F1  FOSB  FOXA2  OVOL2  NR1D1  ZNF384  HIVEP3  BCL11B  KLF2  SMARCA4  RNF6  IRF5  FEZF1  HOXD3  HOXD9  HOXD13  ICE2  CCNT1  FOXA1  EAPP  EPO  JUND  TRIM28  NOL11  CASZ1  ZNF341  NR1H2  TOP2A  PER2  ARHGEF11  AP3B1  ZBED3  RFXAP  E2F5  DPF2  MYCN  LPIN1  RAX  SOX3  HNF1A  TBX3  DTX1  DMTF1  AKIRIN2  LMO2  AGAP2  TFCP2  AHI1  EGR4  FHOD1  DHX9  PWP1  MED4  LMO7  IL6  VEZF1  TBR1  CDK9  KLF4  DAB2IP  MYC  FOXF2  SMAD6  BRDT  SIX3  HNRNPD  LEF1  ASCL1  FOXN4  PDX1  PML  TGFB1I1  ZFHX3  IRF8  MYOCD  SKAP1  GATA6  PELP1  TP53  FOXK2  SMAD4  ERBB2  BRD4  APP  RERE  BARHL2  DCAF6  TBX19  USP21  RORC  RFX5  ARNT  POGZ  GABPB2  HAX1  PARP1  GDF7  ASXL2  CSRNP1  EAF2  LYAR  PIK3R1  MEPCE  STRA8  ZNF711  NSD3  MTDH  ZNF462  PTGES2  PPRC1  TBX6  FOXO1  NPAS3  ZNF827  POU4F2  POU4F1  TADA1  JMY  HHEX  ZIC1  SMARCA5  BMP6  HNRNPU  NR4A2  FEZF2  ING1  CXXC1  PPARGC1B  GDF6  MED19  ATAD2  ZIC3  BRPF1  PAXIP1  FZD1  DYRK1A  SKI  AUTS2  IRX6  RRP1B  ZBTB7B  SHC1  CRTC2  IER2  FOXH1  DVL3  ZNF281  NLRP3  LMX1A  RBM15  NEUROD1  EN1  EOMES  ZNF513  PITX2  HAND2  NIPBL  F2RL1  FAM170A  CITED2  CREBRF  IL31RA  SHH  SOX17  EN2  TP53INP1  PSIP1  CDX2  OTX2  NSD1  ZNF219  SALL2  ZNF319  NOLC1  APBB1  TRIM44  MAPK7  TEF  PBX3  COQ7  KMT2D  FADD  PTF1A  GBX2  ING2  NPNT  TET2  ATOH8  ANKRD49  MECP2  AR  LDB2  GSX1  ONECUT1  VGLL2  HOXD4  PRDM10  FOXA3  ZNF296  CYTL1  JUNB  APLN  ASXL1  ZNF318  NEUROD2  BPTF  MLLT3  IFNB1  PRL  CEBPB  ATOH1  HCFC1  RARG  SP3  TADA2B  DMRT2  SMARCC1  HOXB2  RAX2  RGMB  LARP7  FZD4  DRAP1  HOXD8  FOXC2  SOX11  MAMSTR  NFATC2IP  SIX5  IRX3  NHLH2  TBL1XR1  SOX12  MAF  CSRNP3  TAF7  FOXE1  ARID3B  EGR3  ZFPM1  SERTAD2  CITED4  FZD2  ZNF609  BHLHA15  HOXC10  NPM1  ZNF746  SOX2  PLCB1  HOXB4  MAFA  SOX1  WBP2NL  NOG  TRIM52  MACC1  FOXL2  TBX1  MAML2  FOXO4  POU3F2  MED12  ZBTB7C  WT1  MIXL1  MUC1  PBX1  POU3F1  BCL9L  MRTFB  FOXD2  ZNF395  FOXD3  SIRT7  TET3  AGRN  MTF1  HMGB1  SUPT5H  XRCC6  MRTFA  MAML3  BLM  HNRNPAB  TOPORS  PHF2  ZNF335  QRICH1  PEG3  HOXC4  NCOA6  GPATCH3  MTOR  FOXJ3  POU3F3  SOX18  MAFB  ARID3C  E2F4  ONECUT3  NUP62  SCAF8  LBH  CEBPD  PBX2  CEBPA  FOXD1  HOXA10  SCX  CCPG1  TCF20  MRPL12  KMT2B  HES5  CHCHD10  GLIS2  MLLT6  AATF  TAF15  GREM1  NR2E3  PAGR1  MLXIP  KAT6B  SESN2  GATA4  RIPK3"
1.6827567874543e-09,508,1717,1.19727057472126,"Positive regulation of RNA biosynthetic process "," http://amigo.geneontology.org/amigo/term/GO:1902680"," DVL2  HOXA11  CREBBP  MPND  BRCA1  MBTPS2  WAS  WWTR1  ZFP64  POU2F2  BCLAF1  SOX30  BARX2  ZIC2  RSF1  ARID1B  ALX4  THRAP3  FOXC1  KMT2C  PITHD1  PPP1R12A  CCAR1  BICRA  NGFR  TAF11  AP3D1  ZNF76  CDK13  FOXJ2  YBX1  FGF10  JMJD6  SREBF1  SMARCE1  GLI2  TEAD2  NFKB2  HOXA9  EDN1  SRCAP  PGR  KAT6A  NCOA1  ATRX  FUS  CCNK  TFAP4  POU4F3  SUPT16H  HIVEP1  OSM  PATZ1  SOX10  DDX17  XBP1  EP300  RBM23  SIX4  YY1  CHD8  MYBL2  PABPC1L  PRPF6  E2F1  ZNF516  SMAD7  TBL1X  ELF4  PQBP1  ARMCX3  RGCC  MAPK3  NFAT5  AXIN1  FOXF1  MAZ  TRIP4  CRX  DBP  KLF1  ELL  CRTC1  USF2  PBX4  ZNF574  DNAJC2  MET  HOXA2  HOXA13  EVX1  CHCHD2  WASL  MEOX2  AHR  LHX2  AKNA  GLIS3  SETX  TRIM37  CAMTA2  MED13  RAI1  KAT2A  HDAC5  PHOX2B  NFKB1  PPARGC1A  MDK  MYF6  MYF5  GLI1  ELK3  FOXM1  IL17F  ZNF451  TBP  SRF  VEGFA  BRD8  HAND1  NR3C1  WWC1  TCERG1  SMAD5  CDX1  UBE3A  KAT2B  HES1  NCL  TLX2  OTX1  DLX2  EPAS1  ARID3A  ASH1L  SFPQ  MEF2D  PRDM2  TFAP2E  RLF  IRF6  PROX1  ARID1A  KMT2A  CREB1  KLF7  PLAGL1  FOXO3  SPP1  NR4A3  ONECUT2  IRF2BPL  BCL11A  EPCAM  HOXB5  HOXB3  TNFSF11  EGR1  TRIM25  ZNF639  ZMIZ2  INHBA  TWIST1  EGR2  ECD  NR4A1  HOXC13  HOXC11  NCOA3  CHD6  RBPJL  TRERF1  SOX4  RUNX2  GCM2  MYRF  SOX21  SOX9  PAX8  GTF2F1  FOSB  FOXA2  OVOL2  NR1D1  ZNF384  HIVEP3  BCL11B  KLF2  SMARCA4  RNF6  IRF5  FEZF1  HOXD3  HOXD9  HOXD13  ICE2  CCNT1  FOXA1  EAPP  EPO  JUND  TRIM28  NOL11  CASZ1  ZNF341  NR1H2  TOP2A  PER2  ARHGEF11  AP3B1  ZBED3  RFXAP  E2F5  DPF2  MYCN  LPIN1  RAX  SOX3  HNF1A  TBX3  DTX1  DMTF1  AKIRIN2  LMO2  AGAP2  TFCP2  AHI1  EGR4  FHOD1  DHX9  PWP1  MED4  LMO7  IL6  VEZF1  TBR1  CDK9  KLF4  DAB2IP  MYC  FOXF2  SMAD6  BRDT  SIX3  HNRNPD  LEF1  ASCL1  FOXN4  PDX1  PML  TGFB1I1  ZFHX3  IRF8  MYOCD  SKAP1  GATA6  PELP1  TP53  FOXK2  SMAD4  ERBB2  BRD4  APP  RERE  BARHL2  DCAF6  TBX19  USP21  RORC  RFX5  ARNT  POGZ  GABPB2  HAX1  PARP1  GDF7  ASXL2  CSRNP1  EAF2  LYAR  PIK3R1  MEPCE  STRA8  ZNF711  NSD3  MTDH  ZNF462  PTGES2  PPRC1  TBX6  FOXO1  NPAS3  ZNF827  POU4F2  POU4F1  TADA1  JMY  HHEX  ZIC1  SMARCA5  BMP6  HNRNPU  NR4A2  FEZF2  ING1  CXXC1  PPARGC1B  GDF6  MED19  ATAD2  ZIC3  BRPF1  PAXIP1  FZD1  DYRK1A  SKI  AUTS2  IRX6  RRP1B  ZBTB7B  SHC1  CRTC2  IER2  FOXH1  DVL3  ZNF281  NLRP3  LMX1A  RBM15  NEUROD1  EN1  EOMES  ZNF513  PITX2  HAND2  NIPBL  F2RL1  FAM170A  CITED2  CREBRF  IL31RA  SHH  SOX17  EN2  TP53INP1  PSIP1  CDX2  OTX2  NSD1  ZNF219  SALL2  ZNF319  NOLC1  APBB1  TRIM44  MAPK7  TEF  PBX3  COQ7  KMT2D  FADD  PTF1A  GBX2  ING2  NPNT  TET2  ATOH8  ANKRD49  MECP2  AR  LDB2  GSX1  ONECUT1  VGLL2  HOXD4  PRDM10  FOXA3  ZNF296  CYTL1  JUNB  APLN  ASXL1  ZNF318  NEUROD2  BPTF  MLLT3  IFNB1  PRL  CEBPB  ATOH1  HCFC1  RARG  SP3  TADA2B  DMRT2  SMARCC1  HOXB2  RAX2  RGMB  LARP7  FZD4  DRAP1  HOXD8  FOXC2  SOX11  MAMSTR  NFATC2IP  SIX5  IRX3  NHLH2  TBL1XR1  SOX12  MAF  CSRNP3  TAF7  FOXE1  ARID3B  EGR3  ZFPM1  SERTAD2  CITED4  FZD2  ZNF609  BHLHA15  HOXC10  NPM1  ZNF746  SOX2  PLCB1  HOXB4  MAFA  SOX1  WBP2NL  NOG  TRIM52  MACC1  FOXL2  TBX1  MAML2  FOXO4  POU3F2  MED12  ZBTB7C  WT1  MIXL1  MUC1  PBX1  POU3F1  BCL9L  MRTFB  FOXD2  ZNF395  FOXD3  SIRT7  TET3  AGRN  MTF1  HMGB1  SUPT5H  XRCC6  MRTFA  MAML3  BLM  HNRNPAB  TOPORS  PHF2  ZNF335  QRICH1  PEG3  HOXC4  NCOA6  GPATCH3  MTOR  FOXJ3  POU3F3  SOX18  MAFB  ARID3C  E2F4  ONECUT3  NUP62  SCAF8  LBH  CEBPD  PBX2  CEBPA  FOXD1  HOXA10  SCX  CCPG1  TCF20  MRPL12  KMT2B  HES5  CHCHD10  GLIS2  MLLT6  AATF  TAF15  GREM1  NR2E3  PAGR1  MLXIP  KAT6B  SESN2  GATA4  RIPK3"
1.6827567874543e-09,508,1716,1.19727057472126,"Positive regulation of nucleic acid-templated transcription "," http://amigo.geneontology.org/amigo/term/GO:1903508"," DVL2  HOXA11  CREBBP  MPND  BRCA1  MBTPS2  WAS  WWTR1  ZFP64  POU2F2  BCLAF1  SOX30  BARX2  ZIC2  RSF1  ARID1B  ALX4  THRAP3  FOXC1  KMT2C  PITHD1  PPP1R12A  CCAR1  BICRA  NGFR  TAF11  AP3D1  ZNF76  CDK13  FOXJ2  YBX1  FGF10  JMJD6  SREBF1  SMARCE1  GLI2  TEAD2  NFKB2  HOXA9  EDN1  SRCAP  PGR  KAT6A  NCOA1  ATRX  FUS  CCNK  TFAP4  POU4F3  SUPT16H  HIVEP1  OSM  PATZ1  SOX10  DDX17  XBP1  EP300  RBM23  SIX4  YY1  CHD8  MYBL2  PABPC1L  PRPF6  E2F1  ZNF516  SMAD7  TBL1X  ELF4  PQBP1  ARMCX3  RGCC  MAPK3  NFAT5  AXIN1  FOXF1  MAZ  TRIP4  CRX  DBP  KLF1  ELL  CRTC1  USF2  PBX4  ZNF574  DNAJC2  MET  HOXA2  HOXA13  EVX1  CHCHD2  WASL  MEOX2  AHR  LHX2  AKNA  GLIS3  SETX  TRIM37  CAMTA2  MED13  RAI1  KAT2A  HDAC5  PHOX2B  NFKB1  PPARGC1A  MDK  MYF6  MYF5  GLI1  ELK3  FOXM1  IL17F  ZNF451  TBP  SRF  VEGFA  BRD8  HAND1  NR3C1  WWC1  TCERG1  SMAD5  CDX1  UBE3A  KAT2B  HES1  NCL  TLX2  OTX1  DLX2  EPAS1  ARID3A  ASH1L  SFPQ  MEF2D  PRDM2  TFAP2E  RLF  IRF6  PROX1  ARID1A  KMT2A  CREB1  KLF7  PLAGL1  FOXO3  SPP1  NR4A3  ONECUT2  IRF2BPL  BCL11A  EPCAM  HOXB5  HOXB3  TNFSF11  EGR1  TRIM25  ZNF639  ZMIZ2  INHBA  TWIST1  EGR2  ECD  NR4A1  HOXC13  HOXC11  NCOA3  CHD6  RBPJL  TRERF1  SOX4  RUNX2  GCM2  MYRF  SOX21  SOX9  PAX8  GTF2F1  FOSB  FOXA2  OVOL2  NR1D1  ZNF384  HIVEP3  BCL11B  KLF2  SMARCA4  RNF6  IRF5  FEZF1  HOXD3  HOXD9  HOXD13  ICE2  CCNT1  FOXA1  EAPP  EPO  JUND  TRIM28  NOL11  CASZ1  ZNF341  NR1H2  TOP2A  PER2  ARHGEF11  AP3B1  ZBED3  RFXAP  E2F5  DPF2  MYCN  LPIN1  RAX  SOX3  HNF1A  TBX3  DTX1  DMTF1  AKIRIN2  LMO2  AGAP2  TFCP2  AHI1  EGR4  FHOD1  DHX9  PWP1  MED4  LMO7  IL6  VEZF1  TBR1  CDK9  KLF4  DAB2IP  MYC  FOXF2  SMAD6  BRDT  SIX3  HNRNPD  LEF1  ASCL1  FOXN4  PDX1  PML  TGFB1I1  ZFHX3  IRF8  MYOCD  SKAP1  GATA6  PELP1  TP53  FOXK2  SMAD4  ERBB2  BRD4  APP  RERE  BARHL2  DCAF6  TBX19  USP21  RORC  RFX5  ARNT  POGZ  GABPB2  HAX1  PARP1  GDF7  ASXL2  CSRNP1  EAF2  LYAR  PIK3R1  MEPCE  STRA8  ZNF711  NSD3  MTDH  ZNF462  PTGES2  PPRC1  TBX6  FOXO1  NPAS3  ZNF827  POU4F2  POU4F1  TADA1  JMY  HHEX  ZIC1  SMARCA5  BMP6  HNRNPU  NR4A2  FEZF2  ING1  CXXC1  PPARGC1B  GDF6  MED19  ATAD2  ZIC3  BRPF1  PAXIP1  FZD1  DYRK1A  SKI  AUTS2  IRX6  RRP1B  ZBTB7B  SHC1  CRTC2  IER2  FOXH1  DVL3  ZNF281  NLRP3  LMX1A  RBM15  NEUROD1  EN1  EOMES  ZNF513  PITX2  HAND2  NIPBL  F2RL1  FAM170A  CITED2  CREBRF  IL31RA  SHH  SOX17  EN2  TP53INP1  PSIP1  CDX2  OTX2  NSD1  ZNF219  SALL2  ZNF319  NOLC1  APBB1  TRIM44  MAPK7  TEF  PBX3  COQ7  KMT2D  FADD  PTF1A  GBX2  ING2  NPNT  TET2  ATOH8  ANKRD49  MECP2  AR  LDB2  GSX1  ONECUT1  VGLL2  HOXD4  PRDM10  FOXA3  ZNF296  CYTL1  JUNB  APLN  ASXL1  ZNF318  NEUROD2  BPTF  MLLT3  IFNB1  PRL  CEBPB  ATOH1  HCFC1  RARG  SP3  TADA2B  DMRT2  SMARCC1  HOXB2  RAX2  RGMB  LARP7  FZD4  DRAP1  HOXD8  FOXC2  SOX11  MAMSTR  NFATC2IP  SIX5  IRX3  NHLH2  TBL1XR1  SOX12  MAF  CSRNP3  TAF7  FOXE1  ARID3B  EGR3  ZFPM1  SERTAD2  CITED4  FZD2  ZNF609  BHLHA15  HOXC10  NPM1  ZNF746  SOX2  PLCB1  HOXB4  MAFA  SOX1  WBP2NL  NOG  TRIM52  MACC1  FOXL2  TBX1  MAML2  FOXO4  POU3F2  MED12  ZBTB7C  WT1  MIXL1  MUC1  PBX1  POU3F1  BCL9L  MRTFB  FOXD2  ZNF395  FOXD3  SIRT7  TET3  AGRN  MTF1  HMGB1  SUPT5H  XRCC6  MRTFA  MAML3  BLM  HNRNPAB  TOPORS  PHF2  ZNF335  QRICH1  PEG3  HOXC4  NCOA6  GPATCH3  MTOR  FOXJ3  POU3F3  SOX18  MAFB  ARID3C  E2F4  ONECUT3  NUP62  SCAF8  LBH  CEBPD  PBX2  CEBPA  FOXD1  HOXA10  SCX  CCPG1  TCF20  MRPL12  KMT2B  HES5  CHCHD10  GLIS2  MLLT6  AATF  TAF15  GREM1  NR2E3  PAGR1  MLXIP  KAT6B  SESN2  GATA4  RIPK3"
3.0961533113493e-09,403,1264,1.22317833136838,"Positive regulation of transcription by RNA polymerase II "," http://amigo.geneontology.org/amigo/term/GO:0045944"," DVL2  CREBBP  MPND  BRCA1  MBTPS2  WAS  WWTR1  ZFP64  POU2F2  BCLAF1  SOX30  BARX2  RSF1  ALX4  THRAP3  FOXC1  KMT2C  PPP1R12A  NGFR  AP3D1  ZNF76  CDK13  FOXJ2  YBX1  FGF10  JMJD6  SREBF1  GLI2  TEAD2  NFKB2  HOXA9  EDN1  PGR  KAT6A  NCOA1  ATRX  CCNK  TFAP4  POU4F3  SUPT16H  HIVEP1  OSM  SOX10  DDX17  XBP1  EP300  SIX4  YY1  CHD8  MYBL2  PRPF6  E2F1  SMAD7  TBL1X  ELF4  ARMCX3  RGCC  MAPK3  NFAT5  FOXF1  CRX  DBP  ELL  CRTC1  USF2  ZNF574  MET  HOXA2  HOXA13  EVX1  CHCHD2  WASL  MEOX2  AHR  LHX2  AKNA  GLIS3  SETX  CAMTA2  MED13  KAT2A  HDAC5  PHOX2B  NFKB1  PPARGC1A  MYF6  MYF5  GLI1  ELK3  FOXM1  IL17F  ZNF451  SRF  VEGFA  BRD8  HAND1  NR3C1  WWC1  TCERG1  SMAD5  CDX1  UBE3A  KAT2B  HES1  NCL  TLX2  OTX1  DLX2  EPAS1  ARID3A  ASH1L  SFPQ  MEF2D  PRDM2  TFAP2E  RLF  IRF6  PROX1  KMT2A  CREB1  KLF7  PLAGL1  FOXO3  NR4A3  ONECUT2  IRF2BPL  BCL11A  EPCAM  HOXB5  HOXB3  TNFSF11  EGR1  ZNF639  ZMIZ2  INHBA  TWIST1  EGR2  ECD  NR4A1  HOXC11  NCOA3  CHD6  RBPJL  TRERF1  SOX4  RUNX2  GCM2  SOX21  SOX9  PAX8  GTF2F1  FOSB  FOXA2  OVOL2  NR1D1  ZNF384  BCL11B  KLF2  SMARCA4  IRF5  HOXD3  HOXD9  HOXD13  CCNT1  FOXA1  EAPP  JUND  CASZ1  NR1H2  TOP2A  AP3B1  ZBED3  RFXAP  E2F5  DPF2  MYCN  LPIN1  RAX  SOX3  HNF1A  TBX3  DMTF1  AKIRIN2  LMO2  AGAP2  TFCP2  AHI1  EGR4  FHOD1  DHX9  MED4  LMO7  IL6  VEZF1  TBR1  CDK9  KLF4  DAB2IP  MYC  FOXF2  SMAD6  SIX3  HNRNPD  LEF1  ASCL1  FOXN4  PDX1  ZFHX3  IRF8  MYOCD  SKAP1  GATA6  PELP1  TP53  FOXK2  SMAD4  BRD4  APP  BARHL2  DCAF6  TBX19  RFX5  ARNT  POGZ  GABPB2  HAX1  PARP1  ASXL2  CSRNP1  EAF2  PIK3R1  MEPCE  STRA8  ZNF462  PPRC1  TBX6  FOXO1  ZNF827  POU4F2  POU4F1  HHEX  SMARCA5  BMP6  HNRNPU  NR4A2  FEZF2  PPARGC1B  MED19  ATAD2  ZIC3  PAXIP1  SKI  AUTS2  IRX6  RRP1B  ZBTB7B  CRTC2  IER2  FOXH1  DVL3  NLRP3  LMX1A  RBM15  NEUROD1  EN1  EOMES  ZNF513  PITX2  HAND2  NIPBL  F2RL1  CITED2  CREBRF  SHH  SOX17  EN2  PSIP1  OTX2  ZNF219  SALL2  ZNF319  APBB1  MAPK7  TEF  PBX3  COQ7  KMT2D  FADD  PTF1A  GBX2  NPNT  TET2  ATOH8  MECP2  AR  LDB2  GSX1  ONECUT1  VGLL2  HOXD4  PRDM10  FOXA3  ZNF296  CYTL1  JUNB  APLN  ASXL1  NEUROD2  BPTF  IFNB1  PRL  CEBPB  ATOH1  HCFC1  RARG  SP3  DMRT2  SMARCC1  HOXB2  RAX2  LARP7  DRAP1  HOXD8  FOXC2  SOX11  MAMSTR  NFATC2IP  SIX5  IRX3  NHLH2  TBL1XR1  SOX12  MAF  CSRNP3  TAF7  ARID3B  EGR3  ZFPM1  CITED4  ZNF609  BHLHA15  HOXC10  NPM1  ZNF746  SOX2  HOXB4  MAFA  SOX1  NOG  MACC1  TBX1  MAML2  FOXO4  POU3F2  MED12  ZBTB7C  WT1  MIXL1  MUC1  PBX1  BCL9L  MRTFB  FOXD2  ZNF395  FOXD3  SIRT7  TET3  AGRN  MTF1  HMGB1  SUPT5H  XRCC6  MRTFA  MAML3  ZNF335  PEG3  HOXC4  NCOA6  FOXJ3  POU3F3  SOX18  MAFB  ARID3C  E2F4  ONECUT3  CEBPD  PBX2  CEBPA  FOXD1  HOXA10  SCX  CCPG1  TCF20  GLIS2  MLLT6  AATF  GREM1  NR2E3  PAGR1  MLXIP  KAT6B  SESN2  GATA4"
6.64388752929918e-09,427,1469,1.21111086652652,"Negative regulation of RNA metabolic process "," http://amigo.geneontology.org/amigo/term/GO:0051253"," ARX  CREBBP  JARID2  BRCA1  WWTR1  BCLAF1  SOX30  BARX2  ZIC2  RSF1  NEDD4L  NFE2L3  THRAP3  FOXC1  MXD1  YBX3  CCAR1  PRDM6  SFSWAP  U2AF2  DDX20  YBX1  KDM4A  MNT  SREBF1  SMARCE1  GLI2  EDN1  RUNX1T1  CIC  RIF1  TCF7  KAT6A  ATRX  DNMT3B  KDM2B  FUS  TFAP4  EZR  HDAC6  BTAF1  HIVEP1  PPM1F  HIRA  PATZ1  SOX10  XBP1  EP300  SIX4  DICER1  ZC3H14  YY1  ACIN1  CHD8  ZMYND8  E2F1  SMAD7  TBL1X  NKAP  SCML2  FOXF1  MAZ  RNF40  PPP1R13L  URI1  NOP53  ERF  DNAJB6  HOXA2  PHF14  EZH2  AHR  TLE4  GLIS3  CPEB3  DKK1  TRIM37  HDAC5  SMURF2  NFKB1  EIF4G2  MYF6  ELK3  FOXM1  CUX2  TIMELESS  ATN1  SUDS3  PHC1  BACH2  RBM24  ZNF451  MDFI  SRF  VEGFA  TENT4A  HAND1  NR3C1  WWC1  TCERG1  SMAD5  KAT2B  HES1  LOXL3  DLX2  SRSF7  ORC2  VAX2  SRSF4  SFPQ  PRDM2  ETV3  FASLG  PROX1  CREB1  KLF7  PLAGL1  FOXO3  PTBP3  PHF19  NR4A3  ZBTB45  IRF2BPL  NRDE2  DNMT3A  BCL11A  HOXB3  MSX2  EGR1  TBX2  TENT4B  TSHZ3  ZCCHC17  KHDRBS1  ZNF639  TWIST1  DDX54  BHLHE41  ESX1  NCOA5  SRSF6  TRERF1  ATXN1  RUNX2  SOX9  FOSB  GZF1  OVOL2  RBM42  NR1D1  SIN3B  KLF2  SMARCA4  ZFP36  FOXP2  FEZF1  HOXD9  CCNT1  FOXA1  SNX6  EAPP  KLF16  EPO  PRDM12  TRIM28  NPAS1  DNMT1  RLIM  NR1H2  THAP1  PER2  MYBBP1A  DPF2  MBD2  FST  SOX3  PHC2  DHX34  HNF1A  TBX3  AKIRIN2  PHF21A  ZC3H10  DHX9  EDNRB  IL6  TBR1  CDK9  KLF4  DAB2IP  MYC  FOXP4  FOXF2  CREBZF  TRIM29  RTF1  SIX3  LRPPRC  CIR1  HNRNPD  LEF1  AEBP2  ASCL1  PDX1  BAHD1  PML  ZFHX3  IRF8  NCOR1  MYOCD  TOB1  GATA6  TP53  FOXK2  CBX8  CBX4  MBD1  SMAD4  RERE  WDTC1  HDGF  RORC  RFX5  PARP1  SHQ1  LIMD1  DCAF1  LYAR  NAF1  FERD3L  PURB  MEPCE  RIPPLY1  MTDH  VAX1  TBX6  TIRAP  FOXO1  NOCT  POU4F2  WWC2  NBAS  BAG3  POU4F1  HHEX  BMP6  HNRNPU  NR4A2  FEZF2  CC2D1B  TRIM11  SRSF12  LARP1  PPARGC1B  MIDEAS  SCAF4  PCGF6  BAG4  DYRK1A  SKI  NR2F6  ZBTB7B  SHC1  NACC1  FOXH1  SRSF2  ZNF653  BCL6B  GFI1  ZNF281  MAPKAPK2  EN1  VPS72  EOMES  YEATS2  BAP1  PITX2  SAP30  NIPBL  FOXQ1  CITED2  CREBRF  SAP30L  SHH  ZHX1  CDX2  TAF3  ZNF503  NSD1  ZNF219  SALL2  ANKRD2  PASD1  HIF1AN  APBB1  SP2  COQ7  ANKRD33  SPINDOC  SF1  IRF2BP2  THAP11  INSM2  SHOX2  ATOH8  ZNF608  MECP2  AR  NR0B1  LDB2  CHD3  USP47  ZNF282  IRX2  IRF2BP1  ZNF296  ZNF692  ZBTB26  ZNF318  OTP  CXXC5  BPTF  ID4  CEBPB  HCFC1  RARG  SP3  KDM2A  ZBTB21  INSM1  CBX2  ZHX3  LARP7  BRMS1  DRAP1  CCDC85B  HOXD8  FOXG1  MYPOP  FOXC2  CDK5R1  SOX11  SIX5  HIC1  PAWR  OLIG3  ZBTB33  IRX3  TBL1XR1  HNRNPA0  MYOZ1  BEND3  MAF  MSC  TAF7  FOXE1  ZBTB7A  ZFPM1  FOXS1  NPM1  ZNF746  SOX2  ZBTB20  SIAH2  SATB1  PLCB1  HOXB4  RBM10  SOX1  NOG  CBX6  FOXL2  ZNF703  TOB2  WT1  PURA  MUC1  MYT1L  HEXIM1  FOXD3  SIRT7  SECISBP2  C11orf95  SKOR1  NOC2L  HMGB1  MPHOSPH8  SUPT5H  XRCC6  NCOR2  ARID5A  ZGPAT  TRIM33  DMBX1  MIER1  PEG3  MTOR  SFMBT2  PRMT6  POU3F3  SOX18  SP5  OLIG2  RNPS1  NELFE  ZBTB12  SCAF8  LBH  SMTNL1  SCRT2  SKOR2  EHMT2  CEBPA  FOXD1  SCX  HES5  PTPRK  GLIS2  DACH1  TAF15  RBFOX2  NR2E3  KAT6B  DEAF1  ZBTB4  HMX1  CC2D1A"
1.03456189887809e-08,450,1607,1.20175467685841,"Negative regulation of nucleobase-containing compound metabolic process "," http://amigo.geneontology.org/amigo/term/GO:0045934"," ARX  CREBBP  JARID2  BRCA1  WWTR1  BCLAF1  SOX30  PARP3  BARX2  ZIC2  RSF1  NEDD4L  NFE2L3  POLQ  THRAP3  FOXC1  MXD1  YBX3  CCAR1  PRDM6  SFSWAP  U2AF2  DDX20  YBX1  KDM4A  MNT  SREBF1  XRCC1  SMARCE1  GLI2  EDN1  RUNX1T1  CIC  RIF1  TCF7  KAT6A  ATRX  DNMT3B  KDM2B  FUS  TFAP4  EZR  HDAC6  BTAF1  HIVEP1  PPM1F  HIRA  PATZ1  SOX10  XBP1  EP300  SIX4  DICER1  ZC3H14  YY1  ACIN1  CHD8  ZMYND8  E2F1  SMAD7  TBL1X  NKAP  SCML2  FOXF1  MAZ  RNF40  UBR5  PPP1R13L  URI1  NOP53  ERF  DNAJC2  DNAJB6  HOXA2  PHF14  EZH2  AHR  TLE4  GLIS3  CPEB3  STN1  DKK1  TRIM37  HDAC5  SMURF2  NFKB1  PPARGC1A  EIF4G2  MYF6  ELK3  FOXM1  CUX2  TIMELESS  ATN1  SUDS3  PHC1  BACH2  RBM24  ZNF451  MDFI  SRF  VEGFA  TENT4A  HAND1  NR3C1  WWC1  TCERG1  SMAD5  OGG1  KAT2B  HES1  LOXL3  DLX2  SRSF7  ORC2  VAX2  MSH6  SRSF4  SFPQ  PRDM2  ETV3  FASLG  PROX1  KMT2A  CREB1  KLF7  PLAGL1  FOXO3  PTBP3  PHF19  NR4A3  ZBTB45  IRF2BPL  NRDE2  DNMT3A  BCL11A  HOXB3  MSX2  EGR1  TBX2  TENT4B  TSHZ3  ZCCHC17  KHDRBS1  ZNF639  TWIST1  DDX54  BHLHE41  ESX1  NCOA5  SRSF6  TRERF1  ATXN1  RUNX2  SOX9  FOSB  GZF1  OVOL2  RBM42  NR1D1  SIN3B  KLF2  SMARCA4  ZFP36  FOXP2  FEZF1  HOXD9  CCNT1  FOXA1  SNX6  EAPP  KLF16  EPO  PRDM12  TRIM28  NPAS1  DNMT1  RLIM  NR1H2  THAP1  PER2  MYBBP1A  TERF2  DPF2  MBD2  FST  SOX3  PHC2  DHX34  HNF1A  TBX3  AKIRIN2  PHF21A  ZC3H10  DHX9  EDNRB  IL6  TBR1  CDK9  KLF4  DAB2IP  MYC  FOXP4  FOXF2  CREBZF  TRIM29  RTF1  SIX3  LRPPRC  CIR1  HNRNPD  LEF1  AEBP2  ASCL1  PDX1  BAHD1  PML  ZFHX3  IRF8  NCOR1  MYOCD  TOB1  GATA6  TP53  FOXK2  CBX8  CBX4  MBD1  SMAD4  RERE  WDTC1  HDGF  RORC  RFX5  PARP1  SHQ1  LIMD1  DCAF1  LYAR  NAF1  FERD3L  PURB  MEPCE  RIPPLY1  TERF1  MTDH  VAX1  TBX6  TIRAP  FOXO1  NOCT  POU4F2  WWC2  NBAS  BAG3  POU4F1  HHEX  BMP6  HNRNPU  NR4A2  FEZF2  TRIP12  CC2D1B  TRIM11  SRSF12  LARP1  PPARGC1B  MIDEAS  SCAF4  PCGF6  BAG4  DYRK1A  SKI  NR2F6  ZBTB7B  SHC1  UBQLN4  NACC1  FOXH1  SRSF2  ZNF653  BCL6B  GFI1  ZNF281  MAPKAPK2  EN1  VPS72  NPPC  EOMES  YEATS2  BAP1  PITX2  SAP30  NIPBL  FOXQ1  CGAS  CITED2  CREBRF  SAP30L  SHH  ZHX1  CDX2  TAF3  ZNF503  NSD1  ZNF219  SALL2  ANKRD2  PASD1  HIF1AN  APBB1  RNF169  TERF2IP  SP2  COQ7  ANKRD33  SPINDOC  SF1  IRF2BP2  THAP11  INSM2  SHOX2  ATOH8  ZNF608  MECP2  AR  NR0B1  LDB2  CHD3  USP47  ZNF282  IRX2  IRF2BP1  ZNF296  ZNF692  ZBTB26  ZNF318  OTP  CXXC5  BPTF  ID4  CEBPB  HCFC1  RARG  SP3  KDM2A  ZBTB21  INSM1  CBX2  ZHX3  LARP7  BRMS1  DRAP1  CCDC85B  HOXD8  FOXG1  MYPOP  FOXC2  CDK5R1  SOX11  SIX5  HIC1  MAGEF1  PAWR  OLIG3  ZBTB33  IRX3  TBL1XR1  HNRNPA0  MYOZ1  BEND3  MAF  MSC  TAF7  FOXE1  ZBTB7A  CTC1  ZFPM1  FOXS1  NPM1  ZNF746  SOX2  FANCB  ZBTB20  SIAH2  SATB1  PLCB1  HOXB4  RBM10  SOX1  NOG  CBX6  FOXL2  ZNF703  TOB2  WT1  PURA  MUC1  MYT1L  HEXIM1  FOXD3  SIRT7  SECISBP2  C11orf95  SKOR1  SLX4  NOC2L  HMGB1  MPHOSPH8  SUPT5H  XRCC6  NCOR2  ARID5A  ZGPAT  BLM  TRIM33  DMBX1  MIER1  PEG3  MTOR  SFMBT2  PRMT6  POU3F3  SOX18  SP5  OLIG2  RNPS1  NELFE  ZBTB12  SCAF8  LBH  SMTNL1  SCRT2  SKOR2  EHMT2  CEBPA  FOXD1  SCX  HES5  PTPRK  GLIS2  DACH1  TAF15  RBFOX2  NR2E3  KAT6B  DEAF1  ZBTB4  HMX1  CC2D1A"
1.32492025466658e-08,552,1970,1.17626668474818,"Positive regulation of macromolecule biosynthetic process "," http://amigo.geneontology.org/amigo/term/GO:0010557"," DVL2  HOXA11  CREBBP  NOX1  MPND  BRCA1  MBTPS2  WAS  WWTR1  ZFP64  SAMD4A  POU2F2  BCLAF1  SOX30  PNKP  BARX2  ZIC2  RSF1  ARID1B  ALX4  THRAP3  FOXC1  KMT2C  PITHD1  PPP1R12A  YBX3  CCAR1  BICRA  NGFR  TAF11  AP3D1  ZNF76  CDK13  FOXJ2  YBX1  DHX29  FGF10  JMJD6  SREBF1  SMARCE1  GLI2  TEAD2  NFKB2  PAK3  HOXA9  EDN1  SRCAP  PGR  KAT6A  NCOA1  ATRX  MAP3K4  PPP1R15A  FUS  CCNK  TFAP4  POU4F3  SUPT16H  HIVEP1  BRPF3  OSM  PATZ1  SOX10  DDX17  XBP1  POLDIP3  EIF3D  EP300  RBM23  SIX4  YY1  CHD8  MYBL2  PABPC1L  PRPF6  E2F1  ZNF516  SMAD7  TBL1X  ELF4  PQBP1  ARMCX3  RGCC  MAPK3  NFAT5  AXIN1  FOXF1  MAZ  TRIP4  CRX  DBP  KLF1  ELL  CRTC1  USF2  PBX4  ZNF574  DNAJC2  MET  HOXA2  HOXA13  EVX1  CHCHD2  WASL  MEOX2  AHR  LHX2  AKNA  GLIS3  SETX  CPEB3  STN1  TRIM37  CAMTA2  MED13  RAI1  KAT2A  HDAC5  PHOX2B  NFKB1  PPARGC1A  EIF4G2  MDK  MYF6  MYF5  GLI1  ELK3  FOXM1  IL17F  ZNF451  TBP  SRF  VEGFA  TENT4A  BRD8  HAND1  NR3C1  WWC1  TCERG1  SMAD5  CDX1  UBE3A  KAT2B  HES1  EIF4G1  NCL  TLX2  OTX1  DLX2  EPAS1  ARID3A  ASH1L  SFPQ  MEF2D  PRDM2  TFAP2E  RLF  IRF6  PROX1  ARID1A  KMT2A  CREB1  KLF7  PLAGL1  FOXO3  SPP1  NR4A3  ONECUT2  IRF2BPL  BCL11A  EPCAM  HOXB5  HOXB3  TNFSF11  EGR1  TRIM25  TENT4B  KHDRBS1  ZNF639  ZMIZ2  INHBA  TWIST1  EGR2  ECD  NR4A1  HOXC13  HOXC11  NCOA3  CHD6  RBPJL  TRERF1  SOX4  RUNX2  GCM2  MYRF  SOX21  UPF3B  SOX9  PAX8  GTF2F1  FOSB  FOXA2  OVOL2  NR1D1  ZNF384  HIVEP3  BCL11B  KLF2  SMARCA4  RNF6  IRF5  FEZF1  HOXD3  HOXD9  HOXD13  EIF2AK4  ICE2  CCNT1  FOXA1  EAPP  EPO  JUND  TRIM28  NOL11  CASZ1  HABP4  AKAP12  ZNF341  NR1H2  TOP2A  PER2  ARHGEF11  AP3B1  ZBED3  RFXAP  E2F5  DPF2  MYCN  LPIN1  RAX  SOX3  HNF1A  TBX3  DTX1  DMTF1  AKIRIN2  LMO2  AGAP2  TFCP2  AHI1  EGR4  FHOD1  DHX9  PWP1  MED4  LMO7  IL6  VEZF1  TBR1  CDK9  KLF4  DAB2IP  MYC  FOXF2  SMAD6  BRDT  SIX3  HNRNPD  LEF1  ASCL1  FOXN4  PDX1  PML  TGFB1I1  ZFHX3  IRF8  MYOCD  TOB1  SKAP1  GATA6  PELP1  TP53  FOXK2  SMAD4  ERBB2  BRD4  APP  NLRP12  RERE  BARHL2  DCAF6  TBX19  USP21  RORC  RFX5  ARNT  POGZ  GABPB2  HAX1  PARP1  GDF7  ASXL2  CSRNP1  EAF2  LYAR  NAF1  PIK3R1  MEPCE  STRA8  ZNF711  NSD3  MTDH  ZNF462  PTGES2  CIZ1  PPRC1  YTHDF1  TBX6  FOXO1  NPAS3  ZNF827  POU4F2  POU4F1  TADA1  JMY  HHEX  ZIC1  SMARCA5  BMP6  HNRNPU  NR4A2  FEZF2  ING1  CXXC1  LARP1  PPARGC1B  GDF6  MED19  ATAD2  ZIC3  BRPF1  PAXIP1  FZD1  DYRK1A  SKI  AUTS2  NPM2  IRX6  RRP1B  ZBTB7B  SHC1  CRTC2  IER2  FOXH1  DVL3  DBF4B  LARP4  ZNF281  NLRP3  LMX1A  RBM15  NEUROD1  EN1  EOMES  ZNF513  PITX2  HAND2  NIPBL  F2RL1  FAM170A  CITED2  CREBRF  IL31RA  SHH  SOX17  EN2  TP53INP1  PSIP1  CDX2  OTX2  NSD1  ZNF219  SALL2  ZNF319  NOLC1  APBB1  TRIM44  MAPK7  TEF  PBX3  GOLGA2  COQ7  KMT2D  FADD  PTF1A  GBX2  ING2  NPNT  TET2  ATOH8  ANKRD49  IRS1  MECP2  UPF3A  AR  LDB2  GSX1  ONECUT1  VGLL2  HOXD4  PRDM10  FOXA3  ZNF296  CYTL1  JUNB  APLN  ASXL1  ZNF318  NEUROD2  BPTF  MLLT3  IFNB1  PRL  CEBPB  ATOH1  HCFC1  RARG  SP3  TADA2B  DMRT2  SMARCC1  HOXB2  RAX2  RGMB  LARP7  FZD4  DRAP1  HOXD8  FOXC2  SOX11  MAMSTR  NFATC2IP  SIX5  PAWR  IRX3  NHLH2  TBL1XR1  SOX12  MAF  CSRNP3  TAF7  FOXE1  CTC1  ARID3B  EGR3  ZFPM1  SERTAD2  CITED4  FZD2  ZNF609  BHLHA15  HOXC10  NPM1  ZNF746  SOX2  PLCB1  HOXB4  MAFA  SOX1  WBP2NL  NOG  TRIM52  MACC1  FOXL2  TBX1  MAML2  FOXO4  POU3F2  MED12  ZBTB7C  WT1  RPS27L  MIXL1  MUC1  PBX1  POU3F1  YTHDF3  IRS2  BCL9L  MRTFB  FOXD2  ZNF395  FOXD3  SIRT7  TET3  AGRN  MTF1  HMGB1  SUPT5H  XRCC6  PLXNB2  MRTFA  MAML3  BLM  HNRNPAB  TOPORS  PHF2  ZNF335  QRICH1  PEG3  HOXC4  YTHDF2  NCOA6  GPATCH3  MTOR  FOXJ3  POU3F3  SOX18  MAFB  ARID3C  E2F4  ONECUT3  NUP62  SCAF8  LBH  PPP1R3G  CEBPD  ABCF1  PBX2  CEBPA  FOXD1  HOXA10  SCX  CCPG1  TCF20  MRPL12  KMT2B  HES5  CHCHD10  GLIS2  MLLT6  AATF  TAF15  GREM1  NR2E3  PAGR1  MLXIP  KAT6B  CTIF  SESN2  GATA4  RIPK3"
4.6231663195423e-08,300,957,1.24626410933465,"Negative regulation of transcription by RNA polymerase II "," http://amigo.geneontology.org/amigo/term/GO:0000122"," ARX  CREBBP  JARID2  WWTR1  SOX30  BARX2  NEDD4L  NFE2L3  FOXC1  MXD1  YBX3  PRDM6  DDX20  YBX1  MNT  SREBF1  GLI2  EDN1  CIC  RIF1  ATRX  DNMT3B  KDM2B  EZR  HIVEP1  PATZ1  SOX10  XBP1  EP300  DICER1  YY1  CHD8  E2F1  SMAD7  TBL1X  NKAP  FOXF1  MAZ  PPP1R13L  URI1  NOP53  ERF  HOXA2  PHF14  EZH2  TLE4  GLIS3  CPEB3  DKK1  TRIM37  HDAC5  SMURF2  NFKB1  ELK3  FOXM1  CUX2  ATN1  SUDS3  BACH2  ZNF451  MDFI  SRF  VEGFA  HAND1  NR3C1  WWC1  TCERG1  SMAD5  HES1  DLX2  ORC2  VAX2  SFPQ  PRDM2  ETV3  FASLG  PROX1  KLF7  PLAGL1  FOXO3  PHF19  NR4A3  ZBTB45  IRF2BPL  DNMT3A  BCL11A  HOXB3  MSX2  EGR1  TBX2  KHDRBS1  TWIST1  BHLHE41  ESX1  NCOA5  ATXN1  SOX9  FOSB  GZF1  OVOL2  NR1D1  SIN3B  KLF2  SMARCA4  ZFP36  FOXP2  FEZF1  HOXD9  FOXA1  KLF16  EPO  PRDM12  TRIM28  NPAS1  DNMT1  RLIM  NR1H2  THAP1  PER2  DPF2  MBD2  FST  SOX3  HNF1A  TBX3  AKIRIN2  PHF21A  EDNRB  KLF4  DAB2IP  MYC  FOXP4  TRIM29  RTF1  CIR1  LEF1  AEBP2  ASCL1  PDX1  ZFHX3  IRF8  NCOR1  MYOCD  GATA6  TP53  FOXK2  CBX8  CBX4  SMAD4  WDTC1  HDGF  RORC  RFX5  PARP1  DCAF1  LYAR  FERD3L  PURB  MEPCE  RIPPLY1  MTDH  VAX1  TBX6  POU4F2  WWC2  BAG3  POU4F1  HHEX  BMP6  HNRNPU  NR4A2  FEZF2  CC2D1B  SCAF4  PCGF6  SKI  NR2F6  ZBTB7B  NACC1  FOXH1  BCL6B  GFI1  ZNF281  EN1  VPS72  EOMES  YEATS2  PITX2  SAP30  NIPBL  FOXQ1  CITED2  CREBRF  SAP30L  SHH  ZHX1  CDX2  TAF3  NSD1  ZNF219  SALL2  ANKRD2  HIF1AN  APBB1  SP2  COQ7  ANKRD33  IRF2BP2  THAP11  INSM2  SHOX2  ZNF608  MECP2  AR  NR0B1  LDB2  CHD3  ZNF282  IRX2  IRF2BP1  ZNF296  ZNF692  ZBTB26  OTP  CXXC5  BPTF  ID4  CEBPB  HCFC1  RARG  SP3  ZBTB21  INSM1  CBX2  ZHX3  LARP7  BRMS1  DRAP1  HOXD8  FOXG1  MYPOP  FOXC2  SOX11  HIC1  PAWR  OLIG3  ZBTB33  IRX3  TBL1XR1  MYOZ1  BEND3  MAF  MSC  TAF7  FOXE1  ZBTB7A  ZFPM1  FOXS1  ZNF746  SOX2  ZBTB20  SATB1  HOXB4  RBM10  SOX1  NOG  CBX6  WT1  PURA  MYT1L  HEXIM1  FOXD3  SIRT7  SKOR1  NOC2L  HMGB1  SUPT5H  NCOR2  ARID5A  ZGPAT  TRIM33  DMBX1  MIER1  PEG3  PRMT6  SOX18  SP5  OLIG2  ZBTB12  SCAF8  SCRT2  SKOR2  EHMT2  CEBPA  HES5  GLIS2  DACH1  NR2E3  ZBTB4  CC2D1A"
9.33673085009967e-08,449,1642,1.18942964946934,"Negative regulation of macromolecule biosynthetic process "," http://amigo.geneontology.org/amigo/term/GO:0010558"," ARX  CREBBP  JARID2  HHATL  BRCA1  WWTR1  SAMD4A  BCLAF1  EDC4  SOX30  PARP3  BARX2  ZIC2  RSF1  NEDD4L  NFE2L3  FOXC1  MXD1  YBX3  CCAR1  PRDM6  ABCA7  DDX20  YBX1  KDM4A  MNT  SREBF1  SMARCE1  GLI2  EDN1  TNRC6C  RUNX1T1  CIC  RIF1  TCF7  KAT6A  TUT7  ATRX  KHSRP  DNMT3B  KDM2B  TFAP4  PUS7  EZR  HDAC6  BTAF1  HIVEP1  PPM1F  HIRA  PATZ1  SOX10  XBP1  TNRC6B  EP300  SIX4  DICER1  YY1  CHD8  ZMYND8  E2F1  SMAD7  TBL1X  NKAP  SCML2  FOXF1  MAZ  PPP1R13L  URI1  NOP53  ERF  DNAJC2  DNAJB6  HOXA2  GRB10  PHF14  EZH2  AHR  TLE4  GLIS3  CPEB3  STN1  DKK1  TRIM37  HDAC5  SMURF2  NFKB1  EIF4G2  DDX6  MYF6  ELK3  FOXM1  CUX2  TIMELESS  ATN1  SUDS3  PHC1  BACH2  RBM24  ZNF451  MDFI  SRF  VEGFA  TENT4A  HAND1  NR3C1  WWC1  TCERG1  SMAD5  CPEB4  HES1  EIF4G1  NCL  LOXL3  DLX2  ORC2  TIA1  VAX2  SFPQ  PRDM2  ETV3  FASLG  PROX1  CREB1  KLF7  PLAGL1  FOXO3  PHF19  NR4A3  ZBTB45  IRF2BPL  DNMT3A  BCL11A  HOXB3  MSX2  EGR1  TBX2  TENT4B  TSHZ3  KHDRBS1  ZNF639  TWIST1  DDX54  BHLHE41  ESX1  NCOA5  TRERF1  ATXN1  RUNX2  SOX9  TTF1  FOSB  GZF1  OVOL2  NR1D1  SIN3B  KLF2  SMARCA4  ZFP36  FOXP2  FEZF1  HOXD9  EIF2AK4  FOXA1  SNX6  EAPP  KLF16  LSM7  EPO  PRDM12  TRIM28  NPAS1  DNMT1  RLIM  NR1H2  THAP1  PER2  MYBBP1A  UNK  TERF2  DPF2  MBD2  FST  SOX3  PHC2  TUT4  HNF1A  TBX3  AKIRIN2  PHF21A  EDNRB  IGF2BP3  TBR1  EPRS1  KLF4  DAB2IP  MYC  FOXP4  FOXF2  CPEB2  CREBZF  TRIM29  RTF1  SIX3  CIR1  HNRNPD  LEF1  AEBP2  ASCL1  PDX1  BAHD1  CDAN1  PML  ZFHX3  IRF8  NCOR1  MYOCD  TOB1  GATA6  TP53  FOXK2  CBX8  CBX4  MBD1  SMAD4  RERE  WDTC1  HDGF  RORC  RFX5  PARP1  LIMD1  DCAF1  LYAR  FERD3L  PURB  MEPCE  RIPPLY1  TERF1  MTDH  VAX1  EIF4EBP2  TNKS1BP1  YTHDF1  TBX6  FOXO1  NOCT  POU4F2  WWC2  BAG3  POU4F1  ZFP36L2  PAN3  HHEX  BMP6  HNRNPU  NR4A2  FEZF2  CC2D1B  TRIM11  LARP1  PPARGC1B  MIDEAS  SCAF4  PCGF6  SKI  NR2F6  ZBTB7B  SHC1  NACC1  FOXH1  SRSF2  HCRT  ZNF653  BCL6B  GFI1  ZNF281  EN1  VPS72  NPPC  EOMES  YEATS2  BAP1  PITX2  SAP30  NIPBL  FOXQ1  CITED2  CREBRF  SAP30L  SHH  ZHX1  CDX2  TAF3  ZNF503  NSD1  ZNF219  SALL2  ANKRD2  PASD1  HIF1AN  APBB1  SP2  COQ7  ANKRD33  SPINDOC  SF1  IRF2BP2  THAP11  INSM2  SHOX2  ATOH8  ZNF608  MECP2  AR  NR0B1  LDB2  CHD3  USP47  ZNF282  IRX2  IRF2BP1  ZNF296  ZNF692  ZBTB26  ZNF318  OTP  CXXC5  BPTF  ID4  CEBPB  HCFC1  RARG  SP3  KDM2A  ZBTB21  INSM1  CBX2  RBM4  ZHX3  LARP7  BRMS1  PDE12  DRAP1  CCDC85B  HOXD8  FOXG1  MYPOP  FOXC2  CDK5R1  SOX11  SIX5  HIC1  PAWR  OLIG3  ZBTB33  IRX3  TBL1XR1  MYOZ1  BEND3  MAF  MSC  TAF7  FOXE1  ZBTB7A  CTC1  ZFPM1  FOXS1  ZNF746  SOX2  MEX3D  ZBTB20  SIAH2  ENPP7  SHMT2  BACE2  SATB1  PLCB1  HOXB4  RBM10  SOX1  NOG  CBX6  FOXL2  ZNF703  TOB2  TSPYL2  WT1  PURA  MUC1  YTHDF3  MYT1L  HEXIM1  FOXD3  SIRT7  C11orf95  NANOS1  SKOR1  NOC2L  HMGB1  MPHOSPH8  SUPT5H  XRCC6  NCOR2  ARID5A  ZGPAT  BLM  TRIM33  DMBX1  MIER1  PEG3  YTHDF2  ZNF830  SFMBT2  PRMT6  POU3F3  SOX18  SP5  OLIG2  NELFE  ZBTB12  TRIM71  SCAF8  LBH  SMTNL1  SCRT2  SKOR2  SKIV2L  EHMT2  CEBPA  FOXD1  SCX  LSM14A  HES5  PTPRK  GLIS2  CNOT3  DACH1  RBFOX2  NR2E3  KAT6B  DEAF1  ZBTB4  SHMT1  DCP1B  SESN2  TNRC6A  HMX1  CC2D1A  NANOS3"
9.33673085009967e-08,449,1631,1.18942964946934,"Negative regulation of cellular macromolecule biosynthetic process "," http://amigo.geneontology.org/amigo/term/GO:2000113"," ARX  CREBBP  JARID2  HHATL  BRCA1  WWTR1  SAMD4A  BCLAF1  EDC4  SOX30  PARP3  BARX2  ZIC2  RSF1  NEDD4L  NFE2L3  FOXC1  MXD1  YBX3  CCAR1  PRDM6  ABCA7  DDX20  YBX1  KDM4A  MNT  SREBF1  SMARCE1  GLI2  EDN1  TNRC6C  RUNX1T1  CIC  RIF1  TCF7  KAT6A  TUT7  ATRX  KHSRP  DNMT3B  KDM2B  TFAP4  PUS7  EZR  HDAC6  BTAF1  HIVEP1  PPM1F  HIRA  PATZ1  SOX10  XBP1  TNRC6B  EP300  SIX4  DICER1  YY1  CHD8  ZMYND8  E2F1  SMAD7  TBL1X  NKAP  SCML2  FOXF1  MAZ  PPP1R13L  URI1  NOP53  ERF  DNAJC2  DNAJB6  HOXA2  GRB10  PHF14  EZH2  AHR  TLE4  GLIS3  CPEB3  STN1  DKK1  TRIM37  HDAC5  SMURF2  NFKB1  EIF4G2  DDX6  MYF6  ELK3  FOXM1  CUX2  TIMELESS  ATN1  SUDS3  PHC1  BACH2  RBM24  ZNF451  MDFI  SRF  VEGFA  TENT4A  HAND1  NR3C1  WWC1  TCERG1  SMAD5  CPEB4  HES1  EIF4G1  NCL  LOXL3  DLX2  ORC2  TIA1  VAX2  SFPQ  PRDM2  ETV3  FASLG  PROX1  CREB1  KLF7  PLAGL1  FOXO3  PHF19  NR4A3  ZBTB45  IRF2BPL  DNMT3A  BCL11A  HOXB3  MSX2  EGR1  TBX2  TENT4B  TSHZ3  KHDRBS1  ZNF639  TWIST1  DDX54  BHLHE41  ESX1  NCOA5  TRERF1  ATXN1  RUNX2  SOX9  TTF1  FOSB  GZF1  OVOL2  NR1D1  SIN3B  KLF2  SMARCA4  ZFP36  FOXP2  FEZF1  HOXD9  EIF2AK4  FOXA1  SNX6  EAPP  KLF16  LSM7  EPO  PRDM12  TRIM28  NPAS1  DNMT1  RLIM  NR1H2  THAP1  PER2  MYBBP1A  UNK  TERF2  DPF2  MBD2  FST  SOX3  PHC2  TUT4  HNF1A  TBX3  AKIRIN2  PHF21A  EDNRB  IGF2BP3  TBR1  EPRS1  KLF4  DAB2IP  MYC  FOXP4  FOXF2  CPEB2  CREBZF  TRIM29  RTF1  SIX3  CIR1  HNRNPD  LEF1  AEBP2  ASCL1  PDX1  BAHD1  CDAN1  PML  ZFHX3  IRF8  NCOR1  MYOCD  TOB1  GATA6  TP53  FOXK2  CBX8  CBX4  MBD1  SMAD4  RERE  WDTC1  HDGF  RORC  RFX5  PARP1  LIMD1  DCAF1  LYAR  FERD3L  PURB  MEPCE  RIPPLY1  TERF1  MTDH  VAX1  EIF4EBP2  TNKS1BP1  YTHDF1  TBX6  FOXO1  NOCT  POU4F2  WWC2  BAG3  POU4F1  ZFP36L2  PAN3  HHEX  BMP6  HNRNPU  NR4A2  FEZF2  CC2D1B  TRIM11  LARP1  PPARGC1B  MIDEAS  SCAF4  PCGF6  SKI  NR2F6  ZBTB7B  SHC1  NACC1  FOXH1  SRSF2  HCRT  ZNF653  BCL6B  GFI1  ZNF281  EN1  VPS72  NPPC  EOMES  YEATS2  BAP1  PITX2  SAP30  NIPBL  FOXQ1  CITED2  CREBRF  SAP30L  SHH  ZHX1  CDX2  TAF3  ZNF503  NSD1  ZNF219  SALL2  ANKRD2  PASD1  HIF1AN  APBB1  SP2  COQ7  ANKRD33  SPINDOC  SF1  IRF2BP2  THAP11  INSM2  SHOX2  ATOH8  ZNF608  MECP2  AR  NR0B1  LDB2  CHD3  USP47  ZNF282  IRX2  IRF2BP1  ZNF296  ZNF692  ZBTB26  ZNF318  OTP  CXXC5  BPTF  ID4  CEBPB  HCFC1  RARG  SP3  KDM2A  ZBTB21  INSM1  CBX2  RBM4  ZHX3  LARP7  BRMS1  PDE12  DRAP1  CCDC85B  HOXD8  FOXG1  MYPOP  FOXC2  CDK5R1  SOX11  SIX5  HIC1  PAWR  OLIG3  ZBTB33  IRX3  TBL1XR1  MYOZ1  BEND3  MAF  MSC  TAF7  FOXE1  ZBTB7A  CTC1  ZFPM1  FOXS1  ZNF746  SOX2  MEX3D  ZBTB20  SIAH2  ENPP7  SHMT2  BACE2  SATB1  PLCB1  HOXB4  RBM10  SOX1  NOG  CBX6  FOXL2  ZNF703  TOB2  TSPYL2  WT1  PURA  MUC1  YTHDF3  MYT1L  HEXIM1  FOXD3  SIRT7  C11orf95  NANOS1  SKOR1  NOC2L  HMGB1  MPHOSPH8  SUPT5H  XRCC6  NCOR2  ARID5A  ZGPAT  BLM  TRIM33  DMBX1  MIER1  PEG3  YTHDF2  ZNF830  SFMBT2  PRMT6  POU3F3  SOX18  SP5  OLIG2  NELFE  ZBTB12  TRIM71  SCAF8  LBH  SMTNL1  SCRT2  SKOR2  SKIV2L  EHMT2  CEBPA  FOXD1  SCX  LSM14A  HES5  PTPRK  GLIS2  CNOT3  DACH1  RBFOX2  NR2E3  KAT6B  DEAF1  ZBTB4  SHMT1  DCP1B  SESN2  TNRC6A  HMX1  CC2D1A  NANOS3"
1.36625289798861e-07,456,1702,1.18507313221281,"Negative regulation of cellular biosynthetic process "," http://amigo.geneontology.org/amigo/term/GO:0031327"," ARX  CREBBP  JARID2  HHATL  BRCA1  WWTR1  SAMD4A  BCLAF1  EDC4  SOX30  PARP3  BARX2  ZIC2  RSF1  NEDD4L  NFE2L3  OPN3  FOXC1  MXD1  YBX3  CCAR1  PRDM6  ABCA7  DDX20  YBX1  KDM4A  MNT  SREBF1  SMARCE1  GLI2  EDN1  TNRC6C  RUNX1T1  CIC  RIF1  TCF7  C1QTNF3  KAT6A  TUT7  ATRX  KHSRP  DNMT3B  KDM2B  TFAP4  PUS7  EZR  HDAC6  BTAF1  HIVEP1  PPM1F  HIRA  PATZ1  SOX10  XBP1  TNRC6B  EP300  SIX4  DICER1  YY1  CHD8  ZMYND8  E2F1  SMAD7  TBL1X  NKAP  SCML2  FOXF1  MAZ  PPP1R13L  URI1  NOP53  ERF  DNAJC2  DNAJB6  HOXA2  GRB10  PHF14  EZH2  AHR  TLE4  GLIS3  CPEB3  STN1  DKK1  TRIM37  HDAC5  SMURF2  NFKB1  RAPGEF2  APOC3  EIF4G2  DDX6  MYF6  ELK3  FOXM1  CUX2  TIMELESS  ATN1  SUDS3  PHC1  BACH2  RBM24  ZNF451  MDFI  SRF  VEGFA  TENT4A  HAND1  NR3C1  WWC1  TCERG1  SMAD5  CPEB4  HES1  EIF4G1  NCL  LOXL3  DLX2  ORC2  TIA1  VAX2  SFPQ  PRDM2  ETV3  FASLG  PROX1  CREB1  KLF7  PLAGL1  FOXO3  PHF19  NR4A3  ZBTB45  IRF2BPL  DNMT3A  BCL11A  HOXB3  MSX2  EGR1  TBX2  TENT4B  TSHZ3  KHDRBS1  ZNF639  TWIST1  DDX54  BHLHE41  ESX1  NCOA5  TRERF1  ATXN1  RUNX2  SOX9  TTF1  FOSB  GZF1  OVOL2  NR1D1  SIN3B  KLF2  SMARCA4  ZFP36  FOXP2  FEZF1  HOXD9  EIF2AK4  FOXA1  SNX6  EAPP  KLF16  LSM7  EPO  PRDM12  TRIM28  NPAS1  DNMT1  RLIM  NR1H2  THAP1  PER2  MYBBP1A  UNK  TERF2  DPF2  MBD2  FST  SOX3  PHC2  TUT4  HNF1A  TBX3  AKIRIN2  PHF21A  EDNRB  IGF2BP3  TBR1  EPRS1  KLF4  DAB2IP  MYC  FOXP4  FOXF2  CPEB2  CREBZF  TRIM29  RTF1  SIX3  CIR1  HNRNPD  LEF1  AEBP2  ASCL1  PDX1  BAHD1  CDAN1  PML  ZFHX3  IRF8  NCOR1  MYOCD  TOB1  GATA6  TP53  FOXK2  CBX8  CBX4  MBD1  SMAD4  RERE  WDTC1  HDGF  RORC  RFX5  PARP1  LIMD1  DCAF1  LYAR  FERD3L  PURB  MEPCE  RIPPLY1  TERF1  MTDH  VAX1  EIF4EBP2  TNKS1BP1  YTHDF1  TBX6  FOXO1  NOCT  POU4F2  WWC2  BAG3  POU4F1  ZFP36L2  PAN3  HHEX  BMP6  HNRNPU  NR4A2  FEZF2  CC2D1B  TRIM11  LARP1  PPARGC1B  MIDEAS  SCAF4  PCGF6  SKI  NR2F6  ZBTB7B  SHC1  NACC1  FOXH1  MFSD12  SRSF2  HCRT  ZNF653  BCL6B  FGF19  GFI1  ZNF281  EN1  VPS72  NPPC  EOMES  YEATS2  BAP1  PITX2  SAP30  NIPBL  FOXQ1  CITED2  CREBRF  SAP30L  SHH  ZHX1  CDX2  TAF3  ZNF503  NSD1  ZNF219  SALL2  ANKRD2  PASD1  HIF1AN  APBB1  SP2  COQ7  ANKRD33  SPINDOC  SF1  IRF2BP2  THAP11  INSM2  SHOX2  ATOH8  ZNF608  MECP2  AR  NR0B1  LDB2  CHD3  USP47  ZNF282  IRX2  IRF2BP1  ZNF296  ZNF692  ZBTB26  ZNF318  OTP  CXXC5  BPTF  ID4  CEBPB  HCFC1  RARG  SP3  KDM2A  ZBTB21  INSM1  CBX2  RBM4  ZHX3  LARP7  BRMS1  PDE12  DRAP1  CCDC85B  HOXD8  FOXG1  MYPOP  FOXC2  CDK5R1  SOX11  SIX5  HIC1  PAWR  OLIG3  ZBTB33  IRX3  TBL1XR1  MYOZ1  BEND3  MAF  MSC  TAF7  FOXE1  ZBTB7A  CTC1  ZFPM1  FOXS1  ZNF746  SOX2  MEX3D  ZBTB20  SIAH2  ENPP7  SHMT2  BACE2  SATB1  PLCB1  HOXB4  RBM10  SOX1  NOG  CBX6  FOXL2  ZNF703  TOB2  C1QTNF12  TSPYL2  WT1  PURA  MUC1  YTHDF3  MYT1L  HEXIM1  FOXD3  SIRT7  C11orf95  NANOS1  SKOR1  NOC2L  HMGB1  MPHOSPH8  SUPT5H  XRCC6  NCOR2  ARID5A  ZGPAT  BLM  TRIM33  DMBX1  MIER1  PEG3  YTHDF2  ZNF830  SFMBT2  PRMT6  POU3F3  SOX18  SP5  OLIG2  NELFE  ZBTB12  TRIM71  SCAF8  LBH  SMTNL1  SCRT2  SKOR2  SKIV2L  EHMT2  CEBPA  FOXD1  SCX  LSM14A  HES5  PTPRK  GLIS2  CNOT3  DACH1  RBFOX2  NR2E3  KAT6B  DEAF1  ZBTB4  SHMT1  DCP1B  SESN2  TNRC6A  HMX1  CC2D1A  NANOS3"
1.36625289798861e-07,385,1353,1.20409015278302,"Negative regulation of transcription, DNA-templated "," http://amigo.geneontology.org/amigo/term/GO:0045892"," ARX  CREBBP  JARID2  BRCA1  WWTR1  BCLAF1  SOX30  BARX2  ZIC2  RSF1  NEDD4L  NFE2L3  FOXC1  MXD1  YBX3  CCAR1  PRDM6  DDX20  YBX1  KDM4A  MNT  SREBF1  SMARCE1  GLI2  EDN1  RUNX1T1  CIC  RIF1  TCF7  KAT6A  ATRX  DNMT3B  KDM2B  TFAP4  EZR  HDAC6  BTAF1  HIVEP1  PPM1F  HIRA  PATZ1  SOX10  XBP1  EP300  SIX4  DICER1  YY1  CHD8  ZMYND8  E2F1  SMAD7  TBL1X  NKAP  SCML2  FOXF1  MAZ  PPP1R13L  URI1  NOP53  ERF  DNAJB6  HOXA2  PHF14  EZH2  AHR  TLE4  GLIS3  CPEB3  DKK1  TRIM37  HDAC5  SMURF2  NFKB1  EIF4G2  MYF6  ELK3  FOXM1  CUX2  TIMELESS  ATN1  SUDS3  PHC1  BACH2  ZNF451  MDFI  SRF  VEGFA  HAND1  NR3C1  WWC1  TCERG1  SMAD5  HES1  LOXL3  DLX2  ORC2  VAX2  SFPQ  PRDM2  ETV3  FASLG  PROX1  CREB1  KLF7  PLAGL1  FOXO3  PHF19  NR4A3  ZBTB45  IRF2BPL  DNMT3A  BCL11A  HOXB3  MSX2  EGR1  TBX2  TSHZ3  KHDRBS1  ZNF639  TWIST1  DDX54  BHLHE41  ESX1  NCOA5  TRERF1  ATXN1  RUNX2  SOX9  FOSB  GZF1  OVOL2  NR1D1  SIN3B  KLF2  SMARCA4  ZFP36  FOXP2  FEZF1  HOXD9  FOXA1  SNX6  EAPP  KLF16  EPO  PRDM12  TRIM28  NPAS1  DNMT1  RLIM  NR1H2  THAP1  PER2  MYBBP1A  DPF2  MBD2  FST  SOX3  PHC2  HNF1A  TBX3  AKIRIN2  PHF21A  EDNRB  TBR1  KLF4  DAB2IP  MYC  FOXP4  FOXF2  CREBZF  TRIM29  RTF1  SIX3  CIR1  LEF1  AEBP2  ASCL1  PDX1  BAHD1  PML  ZFHX3  IRF8  NCOR1  MYOCD  TOB1  GATA6  TP53  FOXK2  CBX8  CBX4  MBD1  SMAD4  RERE  WDTC1  HDGF  RORC  RFX5  PARP1  LIMD1  DCAF1  LYAR  FERD3L  PURB  MEPCE  RIPPLY1  MTDH  VAX1  TBX6  FOXO1  POU4F2  WWC2  BAG3  POU4F1  HHEX  BMP6  HNRNPU  NR4A2  FEZF2  CC2D1B  TRIM11  PPARGC1B  MIDEAS  SCAF4  PCGF6  SKI  NR2F6  ZBTB7B  SHC1  NACC1  FOXH1  SRSF2  ZNF653  BCL6B  GFI1  ZNF281  EN1  VPS72  EOMES  YEATS2  BAP1  PITX2  SAP30  NIPBL  FOXQ1  CITED2  CREBRF  SAP30L  SHH  ZHX1  CDX2  TAF3  ZNF503  NSD1  ZNF219  SALL2  ANKRD2  PASD1  HIF1AN  APBB1  SP2  COQ7  ANKRD33  SPINDOC  SF1  IRF2BP2  THAP11  INSM2  SHOX2  ATOH8  ZNF608  MECP2  AR  NR0B1  LDB2  CHD3  USP47  ZNF282  IRX2  IRF2BP1  ZNF296  ZNF692  ZBTB26  ZNF318  OTP  CXXC5  BPTF  ID4  CEBPB  HCFC1  RARG  SP3  KDM2A  ZBTB21  INSM1  CBX2  ZHX3  LARP7  BRMS1  DRAP1  CCDC85B  HOXD8  FOXG1  MYPOP  FOXC2  CDK5R1  SOX11  SIX5  HIC1  PAWR  OLIG3  ZBTB33  IRX3  TBL1XR1  MYOZ1  BEND3  MAF  MSC  TAF7  FOXE1  ZBTB7A  ZFPM1  FOXS1  ZNF746  SOX2  ZBTB20  SIAH2  SATB1  PLCB1  HOXB4  RBM10  SOX1  NOG  CBX6  FOXL2  ZNF703  TOB2  WT1  PURA  MUC1  MYT1L  HEXIM1  FOXD3  SIRT7  C11orf95  SKOR1  NOC2L  HMGB1  MPHOSPH8  SUPT5H  XRCC6  NCOR2  ARID5A  ZGPAT  TRIM33  DMBX1  MIER1  PEG3  SFMBT2  PRMT6  POU3F3  SOX18  SP5  OLIG2  NELFE  ZBTB12  SCAF8  LBH  SMTNL1  SCRT2  SKOR2  EHMT2  CEBPA  FOXD1  SCX  HES5  PTPRK  GLIS2  DACH1  RBFOX2  NR2E3  KAT6B  DEAF1  ZBTB4  HMX1  CC2D1A"
1.36625289798861e-07,385,1357,1.20409015278302,"Negative regulation of RNA biosynthetic process "," http://amigo.geneontology.org/amigo/term/GO:1902679"," ARX  CREBBP  JARID2  BRCA1  WWTR1  BCLAF1  SOX30  BARX2  ZIC2  RSF1  NEDD4L  NFE2L3  FOXC1  MXD1  YBX3  CCAR1  PRDM6  DDX20  YBX1  KDM4A  MNT  SREBF1  SMARCE1  GLI2  EDN1  RUNX1T1  CIC  RIF1  TCF7  KAT6A  ATRX  DNMT3B  KDM2B  TFAP4  EZR  HDAC6  BTAF1  HIVEP1  PPM1F  HIRA  PATZ1  SOX10  XBP1  EP300  SIX4  DICER1  YY1  CHD8  ZMYND8  E2F1  SMAD7  TBL1X  NKAP  SCML2  FOXF1  MAZ  PPP1R13L  URI1  NOP53  ERF  DNAJB6  HOXA2  PHF14  EZH2  AHR  TLE4  GLIS3  CPEB3  DKK1  TRIM37  HDAC5  SMURF2  NFKB1  EIF4G2  MYF6  ELK3  FOXM1  CUX2  TIMELESS  ATN1  SUDS3  PHC1  BACH2  ZNF451  MDFI  SRF  VEGFA  HAND1  NR3C1  WWC1  TCERG1  SMAD5  HES1  LOXL3  DLX2  ORC2  VAX2  SFPQ  PRDM2  ETV3  FASLG  PROX1  CREB1  KLF7  PLAGL1  FOXO3  PHF19  NR4A3  ZBTB45  IRF2BPL  DNMT3A  BCL11A  HOXB3  MSX2  EGR1  TBX2  TSHZ3  KHDRBS1  ZNF639  TWIST1  DDX54  BHLHE41  ESX1  NCOA5  TRERF1  ATXN1  RUNX2  SOX9  FOSB  GZF1  OVOL2  NR1D1  SIN3B  KLF2  SMARCA4  ZFP36  FOXP2  FEZF1  HOXD9  FOXA1  SNX6  EAPP  KLF16  EPO  PRDM12  TRIM28  NPAS1  DNMT1  RLIM  NR1H2  THAP1  PER2  MYBBP1A  DPF2  MBD2  FST  SOX3  PHC2  HNF1A  TBX3  AKIRIN2  PHF21A  EDNRB  TBR1  KLF4  DAB2IP  MYC  FOXP4  FOXF2  CREBZF  TRIM29  RTF1  SIX3  CIR1  LEF1  AEBP2  ASCL1  PDX1  BAHD1  PML  ZFHX3  IRF8  NCOR1  MYOCD  TOB1  GATA6  TP53  FOXK2  CBX8  CBX4  MBD1  SMAD4  RERE  WDTC1  HDGF  RORC  RFX5  PARP1  LIMD1  DCAF1  LYAR  FERD3L  PURB  MEPCE  RIPPLY1  MTDH  VAX1  TBX6  FOXO1  POU4F2  WWC2  BAG3  POU4F1  HHEX  BMP6  HNRNPU  NR4A2  FEZF2  CC2D1B  TRIM11  PPARGC1B  MIDEAS  SCAF4  PCGF6  SKI  NR2F6  ZBTB7B  SHC1  NACC1  FOXH1  SRSF2  ZNF653  BCL6B  GFI1  ZNF281  EN1  VPS72  EOMES  YEATS2  BAP1  PITX2  SAP30  NIPBL  FOXQ1  CITED2  CREBRF  SAP30L  SHH  ZHX1  CDX2  TAF3  ZNF503  NSD1  ZNF219  SALL2  ANKRD2  PASD1  HIF1AN  APBB1  SP2  COQ7  ANKRD33  SPINDOC  SF1  IRF2BP2  THAP11  INSM2  SHOX2  ATOH8  ZNF608  MECP2  AR  NR0B1  LDB2  CHD3  USP47  ZNF282  IRX2  IRF2BP1  ZNF296  ZNF692  ZBTB26  ZNF318  OTP  CXXC5  BPTF  ID4  CEBPB  HCFC1  RARG  SP3  KDM2A  ZBTB21  INSM1  CBX2  ZHX3  LARP7  BRMS1  DRAP1  CCDC85B  HOXD8  FOXG1  MYPOP  FOXC2  CDK5R1  SOX11  SIX5  HIC1  PAWR  OLIG3  ZBTB33  IRX3  TBL1XR1  MYOZ1  BEND3  MAF  MSC  TAF7  FOXE1  ZBTB7A  ZFPM1  FOXS1  ZNF746  SOX2  ZBTB20  SIAH2  SATB1  PLCB1  HOXB4  RBM10  SOX1  NOG  CBX6  FOXL2  ZNF703  TOB2  WT1  PURA  MUC1  MYT1L  HEXIM1  FOXD3  SIRT7  C11orf95  SKOR1  NOC2L  HMGB1  MPHOSPH8  SUPT5H  XRCC6  NCOR2  ARID5A  ZGPAT  TRIM33  DMBX1  MIER1  PEG3  SFMBT2  PRMT6  POU3F3  SOX18  SP5  OLIG2  NELFE  ZBTB12  SCAF8  LBH  SMTNL1  SCRT2  SKOR2  EHMT2  CEBPA  FOXD1  SCX  HES5  PTPRK  GLIS2  DACH1  RBFOX2  NR2E3  KAT6B  DEAF1  ZBTB4  HMX1  CC2D1A"
1.36625289798861e-07,385,1355,1.20409015278302,"Negative regulation of nucleic acid-templated transcription "," http://amigo.geneontology.org/amigo/term/GO:1903507"," ARX  CREBBP  JARID2  BRCA1  WWTR1  BCLAF1  SOX30  BARX2  ZIC2  RSF1  NEDD4L  NFE2L3  FOXC1  MXD1  YBX3  CCAR1  PRDM6  DDX20  YBX1  KDM4A  MNT  SREBF1  SMARCE1  GLI2  EDN1  RUNX1T1  CIC  RIF1  TCF7  KAT6A  ATRX  DNMT3B  KDM2B  TFAP4  EZR  HDAC6  BTAF1  HIVEP1  PPM1F  HIRA  PATZ1  SOX10  XBP1  EP300  SIX4  DICER1  YY1  CHD8  ZMYND8  E2F1  SMAD7  TBL1X  NKAP  SCML2  FOXF1  MAZ  PPP1R13L  URI1  NOP53  ERF  DNAJB6  HOXA2  PHF14  EZH2  AHR  TLE4  GLIS3  CPEB3  DKK1  TRIM37  HDAC5  SMURF2  NFKB1  EIF4G2  MYF6  ELK3  FOXM1  CUX2  TIMELESS  ATN1  SUDS3  PHC1  BACH2  ZNF451  MDFI  SRF  VEGFA  HAND1  NR3C1  WWC1  TCERG1  SMAD5  HES1  LOXL3  DLX2  ORC2  VAX2  SFPQ  PRDM2  ETV3  FASLG  PROX1  CREB1  KLF7  PLAGL1  FOXO3  PHF19  NR4A3  ZBTB45  IRF2BPL  DNMT3A  BCL11A  HOXB3  MSX2  EGR1  TBX2  TSHZ3  KHDRBS1  ZNF639  TWIST1  DDX54  BHLHE41  ESX1  NCOA5  TRERF1  ATXN1  RUNX2  SOX9  FOSB  GZF1  OVOL2  NR1D1  SIN3B  KLF2  SMARCA4  ZFP36  FOXP2  FEZF1  HOXD9  FOXA1  SNX6  EAPP  KLF16  EPO  PRDM12  TRIM28  NPAS1  DNMT1  RLIM  NR1H2  THAP1  PER2  MYBBP1A  DPF2  MBD2  FST  SOX3  PHC2  HNF1A  TBX3  AKIRIN2  PHF21A  EDNRB  TBR1  KLF4  DAB2IP  MYC  FOXP4  FOXF2  CREBZF  TRIM29  RTF1  SIX3  CIR1  LEF1  AEBP2  ASCL1  PDX1  BAHD1  PML  ZFHX3  IRF8  NCOR1  MYOCD  TOB1  GATA6  TP53  FOXK2  CBX8  CBX4  MBD1  SMAD4  RERE  WDTC1  HDGF  RORC  RFX5  PARP1  LIMD1  DCAF1  LYAR  FERD3L  PURB  MEPCE  RIPPLY1  MTDH  VAX1  TBX6  FOXO1  POU4F2  WWC2  BAG3  POU4F1  HHEX  BMP6  HNRNPU  NR4A2  FEZF2  CC2D1B  TRIM11  PPARGC1B  MIDEAS  SCAF4  PCGF6  SKI  NR2F6  ZBTB7B  SHC1  NACC1  FOXH1  SRSF2  ZNF653  BCL6B  GFI1  ZNF281  EN1  VPS72  EOMES  YEATS2  BAP1  PITX2  SAP30  NIPBL  FOXQ1  CITED2  CREBRF  SAP30L  SHH  ZHX1  CDX2  TAF3  ZNF503  NSD1  ZNF219  SALL2  ANKRD2  PASD1  HIF1AN  APBB1  SP2  COQ7  ANKRD33  SPINDOC  SF1  IRF2BP2  THAP11  INSM2  SHOX2  ATOH8  ZNF608  MECP2  AR  NR0B1  LDB2  CHD3  USP47  ZNF282  IRX2  IRF2BP1  ZNF296  ZNF692  ZBTB26  ZNF318  OTP  CXXC5  BPTF  ID4  CEBPB  HCFC1  RARG  SP3  KDM2A  ZBTB21  INSM1  CBX2  ZHX3  LARP7  BRMS1  DRAP1  CCDC85B  HOXD8  FOXG1  MYPOP  FOXC2  CDK5R1  SOX11  SIX5  HIC1  PAWR  OLIG3  ZBTB33  IRX3  TBL1XR1  MYOZ1  BEND3  MAF  MSC  TAF7  FOXE1  ZBTB7A  ZFPM1  FOXS1  ZNF746  SOX2  ZBTB20  SIAH2  SATB1  PLCB1  HOXB4  RBM10  SOX1  NOG  CBX6  FOXL2  ZNF703  TOB2  WT1  PURA  MUC1  MYT1L  HEXIM1  FOXD3  SIRT7  C11orf95  SKOR1  NOC2L  HMGB1  MPHOSPH8  SUPT5H  XRCC6  NCOR2  ARID5A  ZGPAT  TRIM33  DMBX1  MIER1  PEG3  SFMBT2  PRMT6  POU3F3  SOX18  SP5  OLIG2  NELFE  ZBTB12  SCAF8  LBH  SMTNL1  SCRT2  SKOR2  EHMT2  CEBPA  FOXD1  SCX  HES5  PTPRK  GLIS2  DACH1  RBFOX2  NR2E3  KAT6B  DEAF1  ZBTB4  HMX1  CC2D1A"
8.18178460845304e-07,459,1734,1.17431803820167,"Negative regulation of biosynthetic process "," http://amigo.geneontology.org/amigo/term/GO:0009890"," ARX  CREBBP  JARID2  HHATL  BRCA1  WWTR1  SAMD4A  BCLAF1  EDC4  SOX30  PARP3  BARX2  ZIC2  RSF1  NEDD4L  NFE2L3  OPN3  FOXC1  MXD1  YBX3  CCAR1  PRDM6  ABCA7  DDX20  YBX1  KDM4A  MNT  SREBF1  SMARCE1  GLI2  EDN1  TNRC6C  RUNX1T1  CIC  RIF1  TCF7  C1QTNF3  KAT6A  TUT7  ATRX  KHSRP  DNMT3B  KDM2B  TFAP4  PUS7  EZR  HDAC6  BTAF1  HIVEP1  PPM1F  HIRA  PATZ1  SOX10  XBP1  TNRC6B  EP300  SIX4  DICER1  YY1  CHD8  ZMYND8  E2F1  SMAD7  TBL1X  NKAP  SCML2  FOXF1  MAZ  PPP1R13L  URI1  NOP53  ERF  DNAJC2  DNAJB6  HOXA2  GRB10  PHF14  EZH2  AHR  TLE4  GLIS3  CPEB3  STN1  DKK1  TRIM37  HDAC5  SMURF2  NFKB1  RAPGEF2  APOC3  EIF4G2  DDX6  MYF6  ELK3  FOXM1  CUX2  TIMELESS  ATN1  SUDS3  PHC1  BACH2  RBM24  ZNF451  MDFI  SRF  VEGFA  TENT4A  HAND1  NR3C1  WWC1  TCERG1  SMAD5  CPEB4  HES1  EIF4G1  NCL  LOXL3  DLX2  ORC2  TIA1  VAX2  SFPQ  PRDM2  ETV3  FASLG  PROX1  CREB1  KLF7  PLAGL1  FOXO3  PHF19  NR4A3  ZBTB45  IRF2BPL  DNMT3A  BCL11A  HOXB3  MSX2  EGR1  TBX2  TENT4B  TSHZ3  KHDRBS1  ZNF639  TWIST1  DDX54  BHLHE41  ESX1  NCOA5  TRERF1  ATXN1  RUNX2  SOX9  TTF1  FOSB  GZF1  OVOL2  NR1D1  SIN3B  KLF2  SMARCA4  ZFP36  FOXP2  FEZF1  HOXD9  EIF2AK4  FOXA1  SNX6  EAPP  KLF16  LSM7  EPO  PRDM12  TRIM28  NPAS1  DNMT1  RLIM  NR1H2  THAP1  PER2  MYBBP1A  UNK  TERF2  DPF2  MBD2  FST  SOX3  PHC2  TUT4  HNF1A  TBX3  AKIRIN2  PHF21A  EDNRB  IGF2BP3  IL6  TBR1  EPRS1  KLF4  DAB2IP  MYC  FOXP4  FOXF2  CPEB2  CREBZF  TRIM29  RTF1  EMILIN1  SIX3  CIR1  HNRNPD  LEF1  AEBP2  ASCL1  PDX1  BAHD1  CDAN1  PML  ZFHX3  IRF8  NCOR1  MYOCD  TOB1  GATA6  TP53  FOXK2  CBX8  CBX4  MBD1  SMAD4  RERE  WDTC1  HDGF  RORC  RFX5  PARP1  LIMD1  DCAF1  LYAR  FERD3L  PURB  MEPCE  RIPPLY1  TERF1  MTDH  VAX1  EIF4EBP2  TNKS1BP1  YTHDF1  TBX6  FOXO1  NOCT  POU4F2  WWC2  BAG3  POU4F1  ZFP36L2  PAN3  HHEX  BMP6  HNRNPU  NR4A2  FEZF2  CC2D1B  TRIM11  LARP1  PPARGC1B  MIDEAS  SCAF4  PCGF6  SKI  NR2F6  ZBTB7B  SHC1  NACC1  FOXH1  MFSD12  SRSF2  HCRT  ZNF653  BCL6B  FGF19  GFI1  ZNF281  EN1  VPS72  NPPC  EOMES  YEATS2  BAP1  PITX2  SAP30  NIPBL  FOXQ1  CITED2  CREBRF  SAP30L  SHH  ZHX1  CDX2  TAF3  ZNF503  NSD1  ZNF219  SALL2  ANKRD2  PASD1  HIF1AN  APBB1  SP2  COQ7  ANKRD33  SPINDOC  SF1  IRF2BP2  THAP11  INSM2  SHOX2  ATOH8  ZNF608  MECP2  AR  NR0B1  LDB2  CHD3  USP47  ZNF282  IRX2  IRF2BP1  ZNF296  ZNF692  ZBTB26  ZNF318  OTP  CXXC5  BPTF  ID4  CEBPB  HCFC1  RARG  SP3  KDM2A  ZBTB21  INSM1  CBX2  RBM4  ZHX3  LARP7  BRMS1  PDE12  DRAP1  CCDC85B  HOXD8  FOXG1  MYPOP  FOXC2  CDK5R1  SOX11  SIX5  HIC1  PAWR  OLIG3  ZBTB33  IRX3  TBL1XR1  MYOZ1  BEND3  MAF  MSC  TAF7  FOXE1  ZBTB7A  CTC1  ZFPM1  FOXS1  ZNF746  SOX2  MEX3D  ZBTB20  SIAH2  ENPP7  SHMT2  BACE2  SATB1  PLCB1  HOXB4  RBM10  SOX1  NOG  CBX6  FOXL2  ZNF703  TOB2  C1QTNF12  TSPYL2  WT1  PURA  MUC1  YTHDF3  MYT1L  HEXIM1  FOXD3  SIRT7  C11orf95  NANOS1  SKOR1  NOC2L  HMGB1  MPHOSPH8  SUPT5H  XRCC6  NCOR2  SLC30A10  ARID5A  ZGPAT  BLM  TRIM33  DMBX1  MIER1  PEG3  YTHDF2  ZNF830  SFMBT2  PRMT6  POU3F3  SOX18  SP5  OLIG2  NELFE  ZBTB12  TRIM71  SCAF8  LBH  SMTNL1  SCRT2  SKOR2  SKIV2L  EHMT2  CEBPA  FOXD1  SCX  LSM14A  HES5  PTPRK  GLIS2  CNOT3  DACH1  RBFOX2  NR2E3  KAT6B  DEAF1  ZBTB4  SHMT1  DCP1B  SESN2  TNRC6A  HMX1  CC2D1A  NANOS3"
0.000847048341560468,186,599,1.22884644226443,"MRNA processing "," http://amigo.geneontology.org/amigo/term/GO:0006397"," LUC7L  CDK11A  BCLAF1  THRAP3  CCAR1  SNRNP40  SFSWAP  U2AF2  DDX20  CDK13  YBX1  GPKOW  JMJD6  NCBP3  SART3  RBM7  GPATCH1  GEMIN5  WBP11  CHERP  SRRT  SF3B2  KHSRP  FUS  PDCD7  RBM27  HNRNPM  DDX17  POLDIP3  RBM23  SRSF5  ZC3H14  ACIN1  PABPN1  PNN  PABPC1L  CSTF1  PRPF6  RNMT  PQBP1  RNF40  SNRNP70  CLASRP  SF3A2  NOVA2  CACTIN  HNRNPUL1  SUGP1  RBM28  SETX  CPEB3  LUC7L3  PPARGC1A  PRPF40B  CPSF6  RNGTT  SRSF3  RBM24  PRPF4B  TENT4A  IK  TCERG1  NCL  SRSF7  TIA1  SRSF4  SFPQ  SRSF11  SYF2  PTBP3  RBM25  NRDE2  WBP4  COIL  TENT4B  KHDRBS1  ECD  RBM19  ZC3H13  SRSF6  SNRNP27  APOBEC2  UPF3B  RNF113A  GTF2F1  SNRPB  SNRPB2  RALY  RBM42  SCAF1  NSRP1  CCNT1  SAFB2  LSM7  HABP4  RBM39  LGALS3  ZRANB2  SRRM1  CCNB1  PRPF38B  CCNH  RBMX2  PRPF38A  ZC3H10  DHX9  SRSF1  TRA2B  WDR33  CDK9  TGS1  SLTM  BRDT  DBR1  CIR1  HNRNPD  ZCRB1  SRRM4  NOL3  APP  PRCC  SF3B4  DDX46  PDCD11  PAN3  CWC27  HNRNPU  SREK1  SRSF12  LSM11  AFF2  SCAF4  DYRK1A  SON  CELF3  RRP1B  SAFB  CHTOP  ADAR  CPSF4  SRSF2  RAVER1  ZNF326  RBM15  RPRD2  CWC22  PPP4R2  TRA2A  VIRMA  PSIP1  SRRM2  SF1  CD2BP2  ZRSR2  SNUPN  HNRNPA3  RBM4B  RBM4  LARP7  PDE12  RSRC1  SART1  HNRNPA0  ZBTB7A  GEMIN4  NPM1  ARL6IP4  RBM10  ADARB2  RNPC3  HMX2  SUPT5H  PRPF40A  AKAP17A  DDX42  ZNF830  TSEN15  RNPS1  NELFE  SCAF8  FASTKD5  RBM15B  YTHDC1  CWC25  RBFOX2  HNRNPH1"
0.00335107824618608,165,513,1.22821865616781,"RNA splicing "," http://amigo.geneontology.org/amigo/term/GO:0008380"," LUC7L  BCLAF1  THRAP3  CCAR1  SNRNP40  SFSWAP  U2AF2  DDX20  CDK13  YBX1  GPKOW  JMJD6  SART3  RBM7  GPATCH1  GEMIN5  WBP11  CHERP  SRRT  SF3B2  KHSRP  FUS  PDCD7  HNRNPM  DDX17  RBM23  SRSF5  ACIN1  PABPN1  PNN  CSTF1  PRPF6  PQBP1  USB1  SNRNP70  CLASRP  SF3A2  NOVA2  PRX  CACTIN  HNRNPUL1  SUGP1  RBM28  SETX  PPP1R9B  LUC7L3  PPARGC1A  PRPF40B  SRSF3  RBM24  PRPF4B  IK  TCERG1  NCL  SRSF7  TIA1  SRSF4  SFPQ  IVNS1ABP  SRSF11  RRAGC  SYF2  PTBP3  RBM25  NRDE2  WBP4  COIL  KHDRBS1  ECD  RBM19  ZC3H13  SRSF6  SNRNP27  MPHOSPH10  UPF3B  RNF113A  GTF2F1  SNRPB  SNRPB2  RALY  RBM42  SCAF1  NSRP1  LSM7  HABP4  RBM39  LGALS3  ZRANB2  SRRM1  PRPF38B  SLC38A2  RBMX2  PRPF38A  ZC3H10  DHX9  C2orf49  SRSF1  TRA2B  WDR33  TGS1  BRDT  DBR1  PPIG  CIR1  HNRNPD  ZCRB1  SRRM4  NOL3  PRCC  SF3B4  PIK3R1  DDX46  CWC27  HNRNPU  SREK1  SRSF12  AFF2  DYRK1A  SON  CELF3  RRP1B  CPSF4  SRSF2  RAVER1  ZNF326  RBM15  CWC22  PPP4R2  TRA2A  RP9  FASTK  VIRMA  PSIP1  SRRM2  SF1  CD2BP2  ZRSR2  SNUPN  HNRNPA3  FAM98B  RBM4B  RBM4  LARP7  RSRC1  SART1  HNRNPA0  ZBTB7A  GEMIN4  NPM1  ARL6IP4  RBM10  WT1  RNPC3  HMX2  PRPF40A  AKAP17A  DDX42  ZNF830  TSEN15  RNPS1  RBM15B  YTHDC1  CWC25  RBFOX2  HNRNPH1"
0.0128973137221477,247,1020,1.16762054657319,"MRNA metabolic process "," http://amigo.geneontology.org/amigo/term/GO:0016071"," CALCR  LUC7L  CDK11A  SAMD4A  BCLAF1  EDC4  PSMA4  THRAP3  PUM2  YBX3  CCAR1  SNRNP40  SFSWAP  U2AF2  DDX20  CDK13  YBX1  GPKOW  JMJD6  SREBF1  NCBP3  SART3  RBM7  GPATCH1  TNRC6C  GEMIN5  TUT7  TNPO1  WBP11  CHERP  SRRT  SF3B2  KHSRP  FUS  PDCD7  RBM27  PUS7  HNRNPM  DDX17  POLDIP3  TNRC6B  RBM23  SRSF5  ZC3H14  ACIN1  PABPN1  PNN  PABPC1L  CSTF1  PRPF6  E2F1  RNMT  PQBP1  RNF40  SNRNP70  CLASRP  SF3A2  NOVA2  CACTIN  HNRNPUL1  SUGP1  RBM28  SETX  CPEB3  PSMD3  LUC7L3  PPARGC1A  DDX6  PRPF40B  CPSF6  RNGTT  SRSF3  RBM24  PRPF4B  TENT4A  IK  TCERG1  EIF4G1  NCL  SRSF7  TIA1  SRSF4  SFPQ  SMG7  SRSF11  SYF2  PTBP3  RBM25  NRDE2  WBP4  COIL  TENT4B  KHDRBS1  ECD  RBM19  ZC3H13  SRSF6  SNRNP27  APOBEC2  UPF3B  RNF113A  GTF2F1  SNRPB  SNRPB2  RALY  RBM42  SCAF1  NSRP1  ZFP36  CCNT1  SAFB2  LSM7  HABP4  RBM39  LGALS3  ZRANB2  AP3B1  SRRM1  CCNB1  PRPF38B  CCNH  RBMX2  TUT4  PRPF38A  DHX34  TFCP2  ZC3H10  DHX9  IGF2BP3  SRSF1  TRA2B  WDR33  CDK9  TGS1  SLTM  RPLP1  BRDT  DBR1  CIR1  HNRNPD  ZCRB1  SRRM4  ANP32A  NOL3  RPS2  TOB1  TP53  APP  SERBP1  PRCC  SF3B4  DDX46  PDCD11  TNKS1BP1  YTHDF1  TIRAP  NOCT  NBAS  ZFP36L2  PAN3  CWC27  HNRNPU  SREK1  SRSF12  LARP1  LSM11  AFF2  SCAF4  BAG4  DYRK1A  SON  CELF3  RRP1B  SAFB  CHTOP  ADAR  CPSF4  SRSF2  RAVER1  ZNF326  RBM15  MAPKAPK2  RPRD2  CWC22  PPP4R2  TRA2A  FASTK  VIRMA  PSIP1  SMG8  SRRM2  SF1  UPF3A  CD2BP2  ZRSR2  SNUPN  HNRNPA3  RBM4B  RBM4  LARP7  PDE12  RSRC1  PSMD2  SART1  RPLP2  HNRNPA0  ZBTB7A  GEMIN4  NPM1  MEX3D  ARL6IP4  RBM10  YTHDF3  ADARB2  RNPC3  FOXE3  SECISBP2  NANOS1  HMX2  RPL14  SUPT5H  PRPF40A  AKAP17A  DDX42  YTHDF2  ZNF830  MTOR  TSEN15  SMG5  RNPS1  NELFE  TRIM71  SCAF8  FASTKD5  SKIV2L  RBM15B  YTHDC1  CNOT3  CWC25  TAF15  RBFOX2  CTIF  HNRNPH1  DCP1B  PSME1  TNRC6A  NANOS3"
0.0253544235841279,63,260,1.34596523808142,"Regulation of protein polymerization "," http://amigo.geneontology.org/amigo/term/GO:0032271"," WAS  ELN  NAV3  CAMSAP3  PAK3  MAP2  SSH1  PLEKHG2  HCK  MAPRE1  CLIP3  MET  WASL  KANK1  SLAIN2  CRACD  DBN1  CAMSAP2  VASP  CDC42EP1  BAIAP2L2  SNX9  LATS1  MAP1B  KANK4  WASF3  FHOD3  DBNL  ARPC5L  NUMA1  RDX  ARL3  SSH2  HAX1  TTBK1  PAK1  EPS8  JMY  FMN2  WHAMM  BAG4  DYRK1A  WASF2  PPP1R9A  DMTN  SPTBN4  LMOD3  MECP2  LMOD2  WASHC2C  CORO1B  CKAP5  CDK5R1  CDC42EP4  CDH5  WASHC1  INPP5J  EVL  MTOR  IQANK1  DCTN1  SPIRE2  FLII"
0.0289940648592031,164,460,1.19907224172784,"Pattern specification process "," http://amigo.geneontology.org/amigo/term/GO:0007389"," DVL2  HOXA11  CRAMP1  MKS1  CC2D2A  ALX4  FOXC1  DMRT3  FGF10  GLI2  CELSR1  HOXA9  EDN1  KDM2B  EFNB1  DLL3  EP300  YY1  KIF3B  FOXF1  FKBP8  HOXA2  HOXA3  LFNG  COBL  MEOX2  LHX2  DKK1  KAT2A  DBX1  MYF6  MYF5  GLI1  MDFI  SRF  HAND1  IRX4  SMAD5  CDX1  NPHP3  HES1  APC2  OTX1  DLX2  VAX2  HOXB5  HOXB3  TBX2  DNAI1  BICC1  EGR2  BHLHE41  STIL  PAX8  FOXA2  OVOL2  FEZF1  HOXD3  HOXD9  HOXD11  HOXD13  FOXA1  BARX1  CHSY1  FST  RAX  APC  TBX3  AHI1  EMX1  PCDH8  TRA2B  TBR1  ABI1  SMAD6  SIX3  LBX1  SHROOM3  LEF1  ASCL1  FOXN4  NKD1  TP53  SMAD4  DMRTA2  CELSR2  TBX19  RIPPLY1  TBX6  HHEX  ZIC1  FEZF2  MMP21  ZIC3  DRC1  SKI  DZIP1L  STC1  FOXH1  NEUROD1  EN1  EOMES  SPRY1  INTU  PITX2  HAND2  CITED2  SP8  SHH  SOX17  UNCX  DNAAF2  CDX2  OTX2  PBX3  C2CD3  GBX2  AR  ODAD2  ARL13B  RFNG  ROBO1  HOXD4  EMX2  IRX2  BPTF  MLLT3  FOXB1  HOXC5  RARG  DMRT2  HOXB2  HOXD8  FOXG1  FOXC2  IRX3  GALNT11  TSHZ1  GSX2  HOXB4  SOX1  NOG  TBX1  MED12  WT1  ROBO2  PBX1  NRG3  AIDA  RNF220  CYP26C1  MESP2  HES4  RELN  HOXA4  HOXC4  SOX18  MAFB  NTF4  FOXD1  HOXA10  HES5  GREM1  GATA4"
0.0289940648592031,121,435,1.2363559226269,"Regulation of mRNA metabolic process "," http://amigo.geneontology.org/amigo/term/GO:1903311"," CALCR  CDK11A  SAMD4A  EDC4  PSMA4  THRAP3  PUM2  YBX3  SFSWAP  U2AF2  YBX1  JMJD6  RBM7  TNRC6C  TUT7  TNPO1  KHSRP  FUS  HNRNPM  DDX17  TNRC6B  RBM23  ZC3H14  ACIN1  PABPN1  E2F1  RNF40  SNRNP70  NOVA2  CPEB3  PSMD3  DDX6  CPSF6  SRSF3  RBM24  TENT4A  EIF4G1  NCL  SRSF7  TIA1  SRSF4  RBM25  TENT4B  KHDRBS1  SRSF6  RBM42  NSRP1  ZFP36  CCNT1  SAFB2  LSM7  RBM39  CCNB1  TUT4  DHX34  ZC3H10  DHX9  IGF2BP3  TRA2B  CDK9  SLTM  HNRNPD  SRRM4  ANP32A  TOB1  SERBP1  SF3B4  TNKS1BP1  YTHDF1  TIRAP  NOCT  NBAS  ZFP36L2  PAN3  HNRNPU  SRSF12  LARP1  BAG4  DYRK1A  SON  CELF3  SAFB  CPSF4  SRSF2  RBM15  MAPKAPK2  CWC22  TRA2A  FASTK  VIRMA  SF1  RBM4  LARP7  PDE12  PSMD2  HNRNPA0  ZBTB7A  NPM1  MEX3D  RBM10  YTHDF3  SECISBP2  NANOS1  HMX2  SUPT5H  YTHDF2  MTOR  RNPS1  NELFE  TRIM71  FASTKD5  SKIV2L  RBM15B  YTHDC1  CNOT3  TAF15  RBFOX2  DCP1B  PSME1  TNRC6A  NANOS3"
0.0295359032079766,127,403,1.22896303111094,"RNA splicing, via transesterification reactions "," http://amigo.geneontology.org/amigo/term/GO:0000375"," LUC7L  THRAP3  CCAR1  SNRNP40  SFSWAP  U2AF2  DDX20  CDK13  YBX1  GPKOW  JMJD6  SART3  RBM7  GPATCH1  GEMIN5  WBP11  CHERP  SRRT  SF3B2  KHSRP  FUS  PDCD7  HNRNPM  DDX17  RBM23  SRSF5  ACIN1  PABPN1  PNN  CSTF1  PRPF6  PQBP1  SNRNP70  SF3A2  NOVA2  CACTIN  HNRNPUL1  SUGP1  SETX  LUC7L3  PRPF40B  SRSF3  RBM24  PRPF4B  IK  NCL  SRSF7  TIA1  SRSF4  SFPQ  SRSF11  SYF2  RBM25  WBP4  COIL  KHDRBS1  RBM19  SRSF6  SNRNP27  MPHOSPH10  UPF3B  RNF113A  GTF2F1  SNRPB  SNRPB2  RALY  RBM42  NSRP1  LSM7  RBM39  SRRM1  PRPF38B  RBMX2  PRPF38A  ZC3H10  DHX9  SRSF1  TRA2B  WDR33  TGS1  DBR1  HNRNPD  ZCRB1  SRRM4  NOL3  PRCC  SF3B4  DDX46  CWC27  HNRNPU  SRSF12  DYRK1A  SON  CELF3  CPSF4  SRSF2  RAVER1  RBM15  CWC22  TRA2A  PSIP1  SRRM2  SF1  CD2BP2  ZRSR2  SNUPN  HNRNPA3  RBM4B  RBM4  LARP7  RSRC1  SART1  HNRNPA0  ZBTB7A  GEMIN4  NPM1  RBM10  RNPC3  HMX2  PRPF40A  DDX42  RNPS1  RBM15B  YTHDC1  CWC25  RBFOX2  HNRNPH1"
0.0406106778508733,125,400,1.22400939309653,"RNA splicing, via transesterification reactions with bulged adenosine as nucleophile "," http://amigo.geneontology.org/amigo/term/GO:0000377"," LUC7L  THRAP3  CCAR1  SNRNP40  SFSWAP  U2AF2  DDX20  CDK13  YBX1  GPKOW  JMJD6  SART3  RBM7  GPATCH1  GEMIN5  WBP11  CHERP  SRRT  SF3B2  FUS  PDCD7  HNRNPM  DDX17  RBM23  SRSF5  ACIN1  PABPN1  PNN  CSTF1  PRPF6  PQBP1  SNRNP70  SF3A2  NOVA2  CACTIN  HNRNPUL1  SUGP1  SETX  LUC7L3  PRPF40B  SRSF3  RBM24  PRPF4B  IK  NCL  SRSF7  TIA1  SRSF4  SFPQ  SRSF11  SYF2  RBM25  WBP4  COIL  KHDRBS1  RBM19  SRSF6  SNRNP27  UPF3B  RNF113A  GTF2F1  SNRPB  SNRPB2  RALY  RBM42  NSRP1  LSM7  RBM39  SRRM1  PRPF38B  RBMX2  PRPF38A  ZC3H10  DHX9  SRSF1  TRA2B  WDR33  TGS1  DBR1  HNRNPD  ZCRB1  SRRM4  NOL3  PRCC  SF3B4  DDX46  CWC27  HNRNPU  SRSF12  DYRK1A  SON  CELF3  CPSF4  SRSF2  RAVER1  RBM15  CWC22  TRA2A  PSIP1  SRRM2  SF1  CD2BP2  ZRSR2  SNUPN  HNRNPA3  RBM4B  RBM4  LARP7  RSRC1  SART1  HNRNPA0  ZBTB7A  GEMIN4  NPM1  RBM10  RNPC3  HMX2  PRPF40A  DDX42  RNPS1  RBM15B  YTHDC1  CWC25  RBFOX2  HNRNPH1"
0.0406106778508733,125,400,1.22400939309653,"MRNA splicing, via spliceosome "," http://amigo.geneontology.org/amigo/term/GO:0000398"," LUC7L  THRAP3  CCAR1  SNRNP40  SFSWAP  U2AF2  DDX20  CDK13  YBX1  GPKOW  JMJD6  SART3  RBM7  GPATCH1  GEMIN5  WBP11  CHERP  SRRT  SF3B2  FUS  PDCD7  HNRNPM  DDX17  RBM23  SRSF5  ACIN1  PABPN1  PNN  CSTF1  PRPF6  PQBP1  SNRNP70  SF3A2  NOVA2  CACTIN  HNRNPUL1  SUGP1  SETX  LUC7L3  PRPF40B  SRSF3  RBM24  PRPF4B  IK  NCL  SRSF7  TIA1  SRSF4  SFPQ  SRSF11  SYF2  RBM25  WBP4  COIL  KHDRBS1  RBM19  SRSF6  SNRNP27  UPF3B  RNF113A  GTF2F1  SNRPB  SNRPB2  RALY  RBM42  NSRP1  LSM7  RBM39  SRRM1  PRPF38B  RBMX2  PRPF38A  ZC3H10  DHX9  SRSF1  TRA2B  WDR33  TGS1  DBR1  HNRNPD  ZCRB1  SRRM4  NOL3  PRCC  SF3B4  DDX46  CWC27  HNRNPU  SRSF12  DYRK1A  SON  CELF3  CPSF4  SRSF2  RAVER1  RBM15  CWC22  TRA2A  PSIP1  SRRM2  SF1  CD2BP2  ZRSR2  SNUPN  HNRNPA3  RBM4B  RBM4  LARP7  RSRC1  SART1  HNRNPA0  ZBTB7A  GEMIN4  NPM1  RBM10  RNPC3  HMX2  PRPF40A  DDX42  RNPS1  RBM15B  YTHDC1  CWC25  RBFOX2  HNRNPH1"
0.0406106778508733,68,197,1.31605489945739,"Regulation of neuron differentiation "," http://amigo.geneontology.org/amigo/term/GO:0045664"," KDM4A  ASPM  GLI2  FGF20  NCOA1  DNMT3B  HOXA2  CXCL12  DKK1  PHOX2B  DDX6  HES1  EIF4G1  DLX2  MYCL  PROX1  FOXO3  BCL11A  SOX9  BCL11B  FEZF1  HOXD3  EIF2AK4  FOXA1  EPO  CASZ1  MAP1B  MYCN  SOX3  DTX1  EDNRB  ZFHX2  SIX3  LBX1  ASCL1  ZFHX3  CSNK1D  APP  GDF7  FEZ1  TBX6  POU4F2  BMP6  FEZF2  LMX1A  NEUROD1  SHH  GPRC5B  CYB5D2  GPR37L1  NEUROD2  BCL2  ATOH1  FOXG1  CDK5R1  SOX11  IRX3  SOX2  ADRA2C  PBX1  NAP1L2  VWC2  MTOR  OLIG2  NTF4  HES5  B2M  ADRA2B"
0.0471305680559545,60,160,1.33383942512573,"Hindbrain development "," http://amigo.geneontology.org/amigo/term/GO:0030902"," FOXC1  SEZ6  FCGR2B  XRCC1  GLI2  NCOA1  ATRN  KDM2B  WHRN  HERC1  HOXA2  EZH2  KAT2A  PHOX2B  PPARGC1A  MDK  GLI1  HES1  OTX1  PROX1  HOXB3  EGR2  AHI1  TBR1  HNRNPD  LEF1  SEC24B  ASCL1  TP53  RERE  PAK1  KLHL1  POU4F1  LMX1A  NEUROD1  EN1  SHH  EN2  CRK  PTF1A  GBX2  MECP2  ARL13B  GPR37L1  CDK5R2  NEUROD2  BCL2  HAP1  HOXB2  FZD4  SEZ6L2  CDK5R1  NHLH2  GSX2  NOG  NANOS1  MAFB  SKOR2  TRNP1  SSTR3"
0.0534973532509885,275,1126,1.13953116294327,"RNA processing "," http://amigo.geneontology.org/amigo/term/GO:0006396"," LAS1L  LUC7L  CDK11A  BCLAF1  THRAP3  USP36  PUM2  CCAR1  SNRNP40  SFSWAP  U2AF2  DDX20  WDR3  CDK13  YBX1  THUMPD1  RRP15  GPKOW  JMJD6  NCBP3  SART3  RBM7  GPATCH1  GEMIN5  TUT7  WBP11  CHERP  SRRT  NOP14  SF3B2  KHSRP  ESF1  FUS  PDCD7  RBM27  PUS7  HNRNPM  PES1  DDX17  POLDIP3  TRMU  RBM23  SRSF5  DICER1  ZC3H14  ACIN1  PABPN1  PNN  PABPC1L  CSTF1  PRPF6  RBFA  RNMT  PQBP1  USB1  RNF40  SNRNP70  CLASRP  SF3A2  NOVA2  PRX  CACTIN  HNRNPUL1  NOP53  SUGP1  RBM28  SETX  CPEB3  PPP1R9B  LUC7L3  GAR1  PPARGC1A  PRPF40B  CPSF6  NOP2  RNGTT  SRSF3  RBM24  BYSL  PRPF4B  TENT4A  IK  DROSHA  TCERG1  KAT2B  NCL  SRSF7  TIA1  SRSF4  SFPQ  IVNS1ABP  SRSF11  RRAGC  UTP25  SYF2  PTBP3  RBM25  NRDE2  WBP4  UTP20  COIL  TENT4B  KHDRBS1  ECD  RBM19  DDX54  ZC3H13  SRSF6  MOCS3  SNRNP27  MPHOSPH10  APOBEC2  RIOK1  ATXN1  UPF3B  RNF113A  GTF2F1  SNRPB  SNRPB2  RALY  RBM42  SCAF1  NSRP1  CCNT1  KRI1  SAFB2  LSM7  NOL11  HABP4  RBM39  LGALS3  UTP3  ZRANB2  TOE1  SRRM1  TMTC1  ZFC3H1  CCNB1  PRPF38B  SLC38A2  MYCN  CCNH  RBMX2  TUT4  PRPF38A  ZC3H10  DHX9  C2orf49  PWP1  IL6  SRSF1  TRA2B  WDR33  CDK9  TGS1  SLTM  RPLP1  BRDT  DBR1  PPIG  CIR1  HNRNPD  ZCRB1  SRRM4  NOL3  RPS2  NCOR1  MYOCD  NOB1  PELP1  TP53  APP  PRCC  SF3B4  DUSP11  SHQ1  LYAR  TRMT10A  NAF1  PIK3R1  DDX46  PDCD11  DHX37  PAN3  HNRNPDL  CWC27  HNRNPU  SREK1  SRSF12  NIFK  LSM11  AFF2  SCAF4  UTP14A  DYRK1A  SON  CELF3  RRP1B  RRP1  FAM207A  SAFB  CHTOP  ADAR  CPSF4  SRSF2  RAVER1  NOL9  ZNF326  RBM15  RPRD2  CWC22  PPP4R2  CCNL1  TRA2A  RP9  FASTK  VIRMA  PSIP1  DDX21  NOLC1  TSR1  SRRM2  SF1  CD2BP2  ZRSR2  SNUPN  HNRNPA3  FAM98B  RSL1D1  RBM4B  RBM4  LARP7  PDE12  RSRC1  SART1  RPLP2  HNRNPA0  DDX10  ZBTB7A  GEMIN4  NPM1  ARL6IP4  RBM10  WT1  INTS5  ADARB2  RNPC3  SIRT7  FBLL1  HMX2  RPL14  SUPT5H  NCOR2  PRPF40A  AKAP17A  MAK16  DDX42  YTHDF2  ZNF830  TSEN15  RNPS1  NELFE  TRIM71  SCAF8  FASTKD5  PWP2  RBM15B  YTHDC1  CWC25  RBFOX2  FBL  HNRNPH1  NOP9  MDN1  DDX51"
0.0689464823213357,210,978,1.15927654734082,"Microtubule-based process "," http://amigo.geneontology.org/amigo/term/GO:0007017"," RANBP9  CEP68  BRCA1  TACC3  SPDL1  PARP3  MAP4  CC2D2A  PPP1R12A  SPA17  AP3D1  ASPM  ATXN3  NAV3  FGF10  GTSE1  CAMSAP3  USP33  DYNC1I2  MAP2  PCM1  RAB21  DNAAF6  CDC14B  TNPO1  KIF3C  ATRX  NME8  TPX2  KIF9  NUDC  EZR  HDAC6  SUN2  NEFH  CACNA1I  RANGAP1  PLTP  MYBL2  KIF3B  MAPRE1  ARMCX3  AP3B2  SPG11  SPAG1  RSPH6A  CCDC61  CLIP3  GAPDHS  MET  CLIP2  LZTS2  BCCIP  NEURL1  TRIM37  KPNB1  KAT2A  SLAIN2  JHY  MDM1  RSPH4A  SLC26A8  CUL9  TTK  NPHP3  KAT2B  IQCG  DNAH1  APC2  PARD3B  MARK1  ASH1L  SFPQ  DOCK7  MAP7D1  SSX2IP  KIF17  IFT46  CAMSAP2  MREG  NEK9  IFT43  TTLL5  DNAI1  STIL  KIF1C  QRICH2  MAP7D3  KIF1A  CALY  HAUS8  KIF3A  DIAPH1  MAP1B  TERF2  AP3B1  ZBED3  CCNB1  NAV1  CDCA8  APC  MAP7  KIAA1614  TTLL4  SPRY2  NUMA1  TTLL7  LRPPRC  TACC2  ARL3  POC1B  NCOR1  CSNK1D  ERBB2  APP  CELSR2  PLK2  PAK1  INCENP  FEZ1  BAG3  TRIM36  SPEF2  CATSPER3  DNAI4  HNRNPU  CABYR  CCSAP  SPAG17  FMN2  CFAP70  RPGR  BUB1B  DYRK1A  DRC1  DNAH3  FBXW5  SON  CELF3  STARD9  DRC7  RSPH1  PCNT  SIK3  LMNA  PEX13  SMCP  NEK10  ATXN7  SLC9B2  SPRY1  KIF27  DNAAF2  CEP295  C16orf71  TUB  WEE1  KIF7  MAP1A  GOLGA2  NCKAP5L  C2CD3  MTCL1  ING2  MECP2  ZBBX  ODAD2  CHD3  PKHD1  CFAP46  MAP3K11  HAP1  DNAH12  CKAP5  CDK5R1  NCKAP5  PARD6G  PRM3  DNHD1  CDH5  NPM1  SETD2  MAP7D2  PURA  INPP5J  GAS2L1  DNAH14  BICD2  ENO4  CATSPER4  BLOC1S3  DYNC1H1  CFAP43  KIF13B  SPG7  VPS13A  KIAA0753  TRAF3IP1  DCTN1  SPIRE2  E2F4  CFAP44  MAP10  NUP62  CEP43  LSM14A  CENATAC  KIF26B  RCC2  SPEM1"
0.093817695933381,166,601,1.17707496395435,"Chromatin organization "," http://amigo.geneontology.org/amigo/term/GO:0006325"," MSL3  JARID2  MPND  BAZ1B  BRD9  RSF1  ARID1B  ARID4B  KMT2C  PRDM6  KDM4A  JMJD6  ING3  FAM50A  SMARCE1  SART3  BAZ2A  SRCAP  RSBN1  KAT6A  BCORL1  ATRX  KDM2B  SUPT16H  HDAC6  BRPF3  SETD1A  CECR2  HIRA  CHD8  PABPC1L  RNF40  OIP5  GRWD1  DNAJC2  EZH2  KAT2A  HDAC5  SUDS3  BRD8  NR3C1  KAT2B  INO80B  CHD5  ASH1L  ARID1A  KMT2A  PHF19  NRDE2  DNMT3A  BAZ2B  CHD6  DEK  SOX9  FOXA2  HP1BP3  SMARCA4  KDM4B  FOXA1  TRIM28  DNMT1  CHD1L  UTP3  TERF2  NASP  KMT5C  DPF2  MBD2  HNF1A  PHF21A  RCBTB1  ANP32B  MYC  BRDT  AEBP2  SETD1B  BAHD1  CDAN1  NCOR1  TP53  CBX8  CBX4  BRD4  RERE  USP21  ANP32E  DCAF1  NSD3  TERF1  ZNF462  PAK1  HIRIP3  TCF7L1  SMARCA5  HNRNPU  ING1  CHD1  ATAD2  BRPF1  GATAD1  EMSY  NPM2  MCM3AP  SAFB  PWWP3A  LRWD1  VPS72  BAP1  PBRM1  NSD1  APBB1  CENPV  TERF2IP  KMT2D  CHAF1A  SETD5  ING2  TET2  BRD3  CHD3  FOXA3  ASXL1  BPTF  MLLT3  JMJD1C  HCFC1  TADA2B  KDM2A  SMARCC1  CHD2  CBX2  CHD9  NAP1L5  TBL1XR1  BEND3  SUZ12  ZBTB7A  SPTY2D1  NPM1  SOX2  SETD2  SATB1  SOX1  EP400  CBX6  TSPYL2  BRWD1  NAP1L3  NAP1L2  SIRT7  TET3  MSL1  NOC2L  HMGB1  MPHOSPH8  TRRAP  PHF2  BAZ1A  PRMT6  BAG6  BRD2  EHMT2  KMT2B  KAT6B  IPO4  H2BE1"
0.0945717770900514,351,1553,1.1147086624265,"Cytoskeleton organization "," http://amigo.geneontology.org/amigo/term/GO:0007010"," MYCBP2  RHOBTB2  RANBP9  NISCH  CEP68  BRCA1  TACC3  WAS  SPDL1  PARP3  CTNNA1  MAP4  CC2D2A  ELN  PPP1R12A  ASPM  ATXN3  NAV3  FGF10  TESK2  ARHGEF10L  CELSR1  CAMSAP3  USP33  PAK3  DYNC1I2  MAP2  EDN1  PCM1  DNAAF6  CDC14B  SSH1  ATRX  TPX2  PXN  ARHGAP4  NUDC  PLEKHG2  MAP3K20  MYO15A  TRPM7  EZR  HDAC6  EPB41L4B  CECR2  PPM1F  SH3BP1  SUN2  NEFH  RANGAP1  DAAM1  SIX4  EFS  MYBL2  HCK  KIF3B  MAPRE1  FGD1  RGCC  MAPK3  SPAG1  NEFM  ARHGEF18  RSPH6A  CCDC61  CLIP3  SIPA1L3  MET  DNAJB6  COBL  WASL  CLIP2  KANK1  CXCL12  LZTS2  BCCIP  NEURL1  TRIM37  KPNB1  KAT2A  PPP1R9B  PRKAR1A  SLAIN2  CRACD  JHY  ARHGEF17  MDK  MDM1  RSPH4A  NEDD9  PHACTR1  CAP2  PHACTR2  PTK7  SRF  CUL9  TTK  DBN1  HRG  AMOTL2  KAT2B  IQCG  CSPG5  DNAH1  APC2  PARD3B  MARK1  DOCK7  MAP7D1  SSX2IP  PROX1  TNNT2  CAMSAP2  NEK9  TTLL5  PLS1  LDB3  DNAI1  CALD1  STIL  SDC4  IQSEC2  SOX9  VASP  AMOT  CDC42EP1  BAIAP2L2  STRIP2  MAP7D3  STARD8  NECTIN2  SNX9  PAK4  LATS1  CAP1  HAUS8  KIF3A  DIAPH1  MAP1B  NES  ARHGEF11  ZBED3  KANK4  WASF3  SWAP70  CCNB1  NAV1  CDCA8  FHOD3  APC  AGAP2  MAP7  FHOD1  KIAA1614  TTLL4  SPRY2  DBNL  MYO1G  ERMN  ABI1  ARPC5L  FHDC1  NUMA1  RDX  TTLL7  TACC2  ARL3  PLCE1  SHROOM3  POC1B  DIAPH3  GPR65  MYLK3  PDPK1  NCOR1  RANBP10  SSH2  MINK1  CSNK1D  SMAD4  TRPM2  ARHGEF19  CASQ1  HAX1  CDC42BPA  NPHP1  THSD7B  LIMD1  PLK2  PIK3R1  FGD2  ZMYM4  ZMYM3  DIAPH2  MSRB2  PAK1  INCENP  TAOK2  PCDH15  KLHL1  ADRA2A  EPS8  JMY  TRIM36  SPEF2  DNAI4  FARP1  HNRNPU  TNIK  OBSCN  ENAH  CCSAP  SORBS2  CXADR  SPAG17  FMN2  PPARGC1B  WHAMM  BAG4  BUB1B  MYO1E  DYRK1A  FMNL2  DRC1  WASF2  AUTS2  SHROOM4  CATIP  PPP1R9A  DMTN  FBXW5  SON  STARD9  RSPH1  PCNT  SPTBN4  SIK3  SHC1  LMNA  SHANK1  FMNL3  LARP4  LMOD3  ATXN7  PLXNB1  SPRY1  F2RL1  SHH  ARHGAP12  DNAAF2  PDZD8  CEP295  AMOTL1  JAM3  C16orf71  SYNPO2L  WEE1  MAP1A  GOLGA2  CRK  NCKAP5L  C2CD3  XIRP1  MTCL1  MECP2  ODAD2  CHD3  KRT4  AKAP13  LMOD2  PKHD1  LURAP1  KRT9  BCL2  CFAP46  SYNPO2  WASHC2C  CORO1B  KRT2  CKAP5  ZNF135  CDK5R1  NCKAP5  PAWR  MYOZ1  PARD6G  PLEC  CDC42EP4  CDH5  NPM1  WASHC1  SETD2  CSF1R  CYLC1  SMTN  TACSTD2  MAP7D2  FMNL1  KRT76  INPP5J  GAS2L1  BRWD1  BICD2  CCIN  LRCH3  KRT3  PCLO  KRT14  ESPN  SHTN1  AGRN  EVL  PRPF40A  MRTFA  PDLIM7  SIGLEC15  DYNC1H1  SIPA1L1  PARVA  CFAP43  MTOR  KIAA0753  INF2  IQANK1  LORICRIN  TRAF3IP1  PHACTR4  DCTN1  SPIRE2  E2F4  CFAP44  MAP10  NUP62  CEP43  SMTNL1  MICAL3  SHANK3  EPPK1  IQSEC3  LSM14A  SMIM22  TJP1  MARCKS  CENATAC  RCC2  ASAP3  FLII  EPHA1  RHOU  TNNT3  ARHGAP17"
0.0945717770900514,42,101,1.38185764443026,"Negative regulation of mRNA metabolic process "," http://amigo.geneontology.org/amigo/term/GO:1903312"," THRAP3  YBX3  SFSWAP  U2AF2  YBX1  FUS  ZC3H14  ACIN1  E2F1  RNF40  RBM24  TENT4A  SRSF7  SRSF4  TENT4B  SRSF6  RBM42  ZFP36  CCNT1  DHX34  DHX9  CDK9  HNRNPD  TOB1  TIRAP  NOCT  NBAS  HNRNPU  SRSF12  LARP1  BAG4  DYRK1A  MAPKAPK2  HNRNPA0  NPM1  RBM10  SECISBP2  SUPT5H  MTOR  RNPS1  NELFE  TAF15"
0.117901103324888,33,137,1.42861222638467,"Microtubule polymerization or depolymerization "," http://amigo.geneontology.org/amigo/term/GO:0031109"," RANBP9  NAV3  CAMSAP3  MAP2  TPX2  HDAC6  MAPRE1  CLIP3  MET  SLAIN2  APC2  CAMSAP2  MAP7D3  MAP1B  APC  NUMA1  ARL3  CSNK1D  PAK1  CCSAP  DYRK1A  ATXN7  MAP1A  GOLGA2  NCKAP5L  MECP2  CKAP5  CDK5R1  NCKAP5  CDH5  INPP5J  GAS2L1  DCTN1"
0.12349594371745,63,153,1.29549154165337,"Regulation of mRNA processing "," http://amigo.geneontology.org/amigo/term/GO:0050684"," CDK11A  THRAP3  SFSWAP  U2AF2  JMJD6  RBM7  DDX17  RBM23  ZC3H14  ACIN1  PABPN1  RNF40  SNRNP70  NOVA2  CPEB3  CPSF6  SRSF3  RBM24  NCL  SRSF7  TIA1  SRSF4  RBM25  KHDRBS1  SRSF6  RBM42  NSRP1  CCNT1  SAFB2  RBM39  CCNB1  ZC3H10  DHX9  TRA2B  CDK9  SLTM  SRRM4  SF3B4  HNRNPU  SRSF12  DYRK1A  SON  CELF3  SAFB  CPSF4  SRSF2  RBM15  CWC22  TRA2A  VIRMA  SF1  RBM4  LARP7  ZBTB7A  NPM1  RBM10  HMX2  SUPT5H  RNPS1  NELFE  RBM15B  YTHDC1  RBFOX2"
0.136168158294195,76,340,1.26288096412578,"Protein polymerization "," http://amigo.geneontology.org/amigo/term/GO:0051258"," RANBP9  WAS  ELN  NAV3  CAMSAP3  PAK3  MAP2  SSH1  TPX2  PLEKHG2  HCK  MAPRE1  CLIP3  MET  COBL  WASL  KANK1  SLAIN2  CRACD  DBN1  CAMSAP2  VASP  CDC42EP1  BAIAP2L2  MAP7D3  SNX9  LATS1  DIAPH1  MAP1B  KANK4  WASF3  FHOD3  DBNL  ARPC5L  NUMA1  RDX  ARL3  DIAPH3  SSH2  CSNK1D  CASQ1  HAX1  TTBK1  MSRB2  PAK1  EPS8  JMY  FMN2  WHAMM  BAG4  DYRK1A  WASF2  CATIP  PPP1R9A  DMTN  SPTBN4  LMOD3  GOLGA2  MECP2  LMOD2  FGA  WASHC2C  CORO1B  CKAP5  CDK5R1  CDC42EP4  CDH5  WASHC1  INPP5J  EVL  MTOR  IQANK1  DCTN1  SPIRE2  FLII  CHMP4A"
